,This is a citation overview for a set of 803 documents.,,,,,,,,,,,,,,
,,,,,,,,,,,,,,,
,"h-index = 51 (Of the 803 documents considered for the h-index, 51 have been cited at least 51 times.)",,,,,,,,,,,,,,
,,,,,,,,,,,,,,,
,,,,,,,,,,,,,,,
,,,,,,<2021,2021,2022,2023,2024,2025,2026,Subtotal,>2026,Total
Publication Year,Document Title,ISSN,Journal Title,Volume,Issue,3154,1078,1383,1514,1744,1968,1044,8731,0,11885
2026,"Exploring the influence of micro, small and medium enterprise financing and dual banking stability: evidence from Saudi Arabia",20534604,Journal of Entrepreneurship in Emerging Economies,18,5,0,0,0,0,0,0,0,0,0,0
2026,Anti-corruption governance in Islamic banking: lessons from Section 17A corporate liability in Malaysia,25149369,International Journal of Ethics and Systems,,,0,0,0,0,0,0,0,0,0,0
2026,EDITORIAL FROM ‘GOOD’ TO ‘PUBLISHABLE’ RESEARCH: THE CENTRAL ROLE OF ACADEMIC RIGOUR,30306442,International Journal of Islamic Finance and Sustainable Development,18,2,0,0,0,0,0,0,0,0,0,0
2026,Operational and regulatory dynamics of Islamic microfinance in Nigeria: a qualitative analysis of women’s involvement and challenges,17554179,Qualitative Research in Financial Markets,18,4,0,0,0,0,0,0,0,0,0,0
2026,UNDERSTANDING THE SHARIAH PERSPECTIVE ON MICROTRANSACTIONS IN ONLINE GAMES: IDENTIFYING ELEMENTS OF BATIL,22321047,Journal of Fatwa Management and Research,31,2,0,0,0,0,0,0,0,0,0,0
2026,DOES SHADOW ECONOMY WIDENS OR NARROWS THE INCOME INEQUALITY IN MALAYSIA? SOME ROBUST RESULTS,13098055,International Journal of Economics and Finance Studies,18,1,0,0,0,0,0,0,0,0,0,0
2026,Issues in the application of HPSM by Islamic banks in Bangladesh,17554179,Qualitative Research in Financial Markets,18,3,0,0,0,0,0,0,1,1,0,1
2026,IMPACTFUL RESEARCH TO BRIDGE THEORY AND PRACTICE,30306442,International Journal of Islamic Finance and Sustainable Development,18,1,0,0,0,0,0,0,0,0,0,0
2026,INCORPORATING SUSTAINABILITY AGENDA IN ṢUKŪK: EVIDENCE FROM BANGLADESH,30306442,International Journal of Islamic Finance and Sustainable Development,18,1,0,0,0,0,0,0,0,0,0,0
2026,Harmonizing the halal approach for food and beverage certification: case of Indonesia and Malaysia,26629283,SN Social Sciences,6,3,0,0,0,0,0,0,1,1,0,1
2026,Is Default Risk Contagious? Evidence from Global Energy Leaders and Environmentally Conscious Energy Firms,9277099,Computational Economics,67,1,0,0,0,0,0,0,1,1,0,1
2026,Reimagining the effectiveness of internal Shariah audit through artificial intelligence: the Malaysian context,17590817,Journal of Islamic Accounting and Business Research,,,0,0,0,0,0,0,0,0,0,0
2026,Chasing scarcity: How climate risk reshapes precious metals markets,21912203,Mineral Economics,,,0,0,0,0,0,0,0,0,0,0
2026,A comparative analysis of systematic risk and portfolio optimization differences between Shariah-compliant and conventional Canadian stocks,17538394,International Journal of Islamic and Middle Eastern Finance and Management,,,0,0,0,0,0,0,0,0,0,0
2026,Beyond Halal Compliance: The Unfinished Transition to ESG-Enabled Governance in Malaysia's Pharmaceutical Sector,9644733,Business Strategy and the Environment,,,0,0,0,0,0,0,0,0,0,0
2026,"Merger-Driven Expansion, ESG Integration and Digital Innovation in Islamic Megabanking: A Maqasid al-Shariah Performance Analysis of Kuwait Finance House",9680802,Sustainable Development,,,0,0,0,0,0,0,0,0,0,0
2026,Blockchain technology in zakat management system: potential and challenges in Malaysia,17590817,Journal of Islamic Accounting and Business Research,,,0,0,0,0,0,0,0,0,0,0
2026,Intention to shift to the Islamic pension scheme (IPS): an empirical analysis of Maldivians’ pension contributors,25149369,International Journal of Ethics and Systems,,,0,0,0,0,0,0,0,0,0,0
2026,Balancing Shariah compliance and operational efficiency: core banking system choices for Islamic banking windows in Bangladesh,17590817,Journal of Islamic Accounting and Business Research,,,0,0,0,0,0,0,0,0,0,0
2026,Accounting Ethics in the Digital Age: Challenges and Opportunities,21976503,Studies in Big Data,185,,0,0,0,0,0,0,0,0,0,0
2026,Blockchain Technology and Financial Reporting: Opportunities and Risks,21976503,Studies in Big Data,185,,0,0,0,0,0,0,0,0,0,0
2026,Strategic Agility in Business Models: A Framework for Post-pandemic Recovery,21976503,Studies in Big Data,185,,0,0,0,0,0,0,0,0,0,0
2026,Digital Financial Inclusion and SME Sustainability: The Role of Accounting Technologies,21976503,Studies in Big Data,185,,0,0,0,0,0,0,0,0,0,0
2026,Digital Accounting Systems and the Transformation of SME Financial Practices,21976503,Studies in Big Data,185,,0,0,0,0,0,0,0,0,0,0
2026,Cybersecurity Risks in Digital Accounting Systems: A Strategic Management Perspective,21976503,Studies in Big Data,185,,0,0,0,0,0,0,0,0,0,0
2026,Green Innovation and Firm Performance: The Mediating Role of Environmental Accounting,21976503,Studies in Big Data,185,,0,0,0,0,0,0,0,0,0,0
2026,Strategic coordination in the halal economy: a cross-regional study of seven Muslim-minority emerging markets,17468809,International Journal of Emerging Markets,,,0,0,0,0,0,0,1,1,0,1
2026,"Patterns of financed assets and Islamic contracts in Islamic banks in Pakistan, Malaysia and the Maldives",17554179,Qualitative Research in Financial Markets,,,0,0,0,0,0,0,0,0,0,0
2026,SUSTAINABLE ISLAMIC INVESTMENT FUNDS: BETWEEN SHARIAH COMPLIANCE AND ACHIEVING FINANCIAL SUSTAINABILITY,22321047,Journal of Fatwa Management and Research,31,1,0,0,0,0,0,0,0,0,0,0
2026,Sukuk-based multi-dimensional financing for urban village renewal in China: advancing risk-sharing and inclusive housing models,17538394,International Journal of Islamic and Middle Eastern Finance and Management,,,0,0,0,0,0,0,0,0,0,0
2026,COVID-19 PANDEMIC POWER PLAY IN BURSA MALAYSIA: HOW GLOVE-RELATED ANNOUNCEMENTS SHAPED STOCK MARKET INVESTORS’ REACTION,28113799,International Journal of Banking and Finance,21,1,0,0,0,0,0,0,0,0,0,0
2026,Applying Psychological Empowerment Theory to Examine Participatory Dynamics in Islamic Microfinance Among Female Small Business Owners,21984182,"Studies in Systems, Decision and Control",238,,0,0,0,0,0,0,0,0,0,0
2026,TAKĀFUL TAʿĀWUNI AGRO: STRENGTHENING AGRICULTURAL RESILIENCE THROUGH INCLUSIVE AND SUSTAINABLE PROTECTION AMONG PADDY FARMERS IN MALAYSIA,30306442,International Journal of Islamic Finance and Sustainable Development,17,4,0,0,0,0,0,0,0,0,0,0
2025,Esg Commitment and Bank’s Default Risk in Emerging and Developing Countries: Does Islamic Bank Matter?,13047582,Akademik Gida,11,4,0,0,0,0,0,0,1,1,0,1
2025,The determinants of donors’ behavior toward Islamic charities: a phenomenological inquiry,17538394,International Journal of Islamic and Middle Eastern Finance and Management,19,4,0,0,0,0,0,0,0,0,0,0
2025,Empowering Indigenous Coastal Conservation: Eco-Muamalat as a Model for Sustainable Marine Practices,18375391,Cosmopolitan Civil Societies,17,3,0,0,0,0,0,0,0,0,0,0
2025,IMPACT OF EXCHANGE RATE VOLATILITY ON ECONOMIC GROWTH: EVIDENCE FROM SELECTED OIC COUNTRIES,18234992,Asian Academy of Management Journal of Accounting and Finance,21,2,0,0,0,0,0,0,0,0,0,0
2025,Perceptions of virtual clinical learning in dentistry: Understanding student views on virtual dental clinics,14726920,BMC Medical Education,25,1,0,0,0,0,0,3,5,8,0,8
2025,Prosocial behavior in intergroup contexts: a systematic review and future directions for Islamic marketing,17590833,Journal of Islamic Marketing,16,9,0,0,0,0,0,1,1,2,0,2
2025,From debt to despair: a meta-analysis of debt burden and suicidal behaviours,20428316,Mental Health and Social Inclusion,29,5,0,0,0,0,0,0,1,1,0,1
2025,Current status and future research directions of business intelligence and analytics education: a bibliometric analysis,22528822,International Journal of Evaluation and Research in Education,14,5,0,0,0,0,0,0,0,0,0,0
2025,Bank lending amid geopolitical risk: The GCC case,10583300,Review of Financial Economics,43,4,0,0,0,0,0,0,1,1,0,1
2025,EDITORIAL: ETHICAL USE OF ARTIFICIAL INTELLIGENCE IN JOURNAL PUBLISHING,30306442,International Journal of Islamic Finance and Sustainable Development,17,3,0,0,0,0,0,0,0,0,0,0
2025,Portfolio risk of cryptocurrency inclusion: a comparison among conventional cryptocurrencies and asset-backed cryptocurrencies,1309422X,Eurasian Economic Review,15,3,0,0,0,0,0,1,1,2,0,2
2025,Impact of House Price on Economic Stability: Some Lessons from OECD Countries,8955638,Journal of Real Estate Finance and Economics,71,2,0,0,0,0,3,5,4,12,0,12
2025,Achieving Wealth Preservation via Islamic Crowdfunding: An Analysis from Maqasidic View,14120992,Millah: Journal of Religious Studies,24,2,0,0,0,0,0,0,0,0,0,0
2025,COMMITMENT OF THE ISLAMIC BANKING INDUSTRY TO ESG IN SELECTED COUNTRIES: EVALUATION FROM THE MAQĀṢID AL-SHARĪʿAH PYRAMID PERSPECTIVE,30306442,International Journal of Islamic Finance and Sustainable Development,17,2,0,0,0,0,0,0,4,4,0,4
2025,EDITORIAL: AUTHORSHIP RESPONSIBILITIES,30306442,International Journal of Islamic Finance and Sustainable Development,17,2,0,0,0,0,0,0,0,0,0,0
2025,Critical assessment on cash waqf-linked sukuk in Indonesia,17554179,Qualitative Research in Financial Markets,17,4,0,0,0,0,0,4,5,9,0,9
2025,Impact of dual banking system liquidity creation on economic activity,15739414,Economic Change and Restructuring,58,3,0,0,0,0,0,0,0,0,0,0
2025,FATWA ON FINANCIAL NEEDS IN NON-MUSLIM MAJORITY COUNTRIES: A CASE ON MORTGAGES AND INSURANCE,22321047,Journal of Fatwa Management and Research,30,2,0,0,0,0,1,0,0,1,0,1
2025,Intellectual Property and Islamic Finance: Opportunities and Challenges for a New Islamic Intellectual Property Finance Framework,10964762,Thunderbird International Business Review,67,3,0,0,0,0,0,1,2,3,0,3
2025,An analysis of zakat disclosure in Islamic banks,17590817,Journal of Islamic Accounting and Business Research,16,4,0,0,0,0,0,1,0,1,0,1
2025,Reforms required for Shariah screening of equities using the case study of Dow Jones Islamic market index (DJIMI),1754243X,International Journal of Law and Management,67,3,0,0,0,0,0,1,1,2,0,2
2025,EDITORIAL: DEMONSTRATING ORIGINALITY IN RESEARCH,30306442,International Journal of Islamic Finance and Sustainable Development,17,1,0,0,0,0,0,2,0,2,0,2
2025,ESG activities and bank performance with the moderating influence of competition and regulatory quality: a study in the organization of Islamic countries,17538394,International Journal of Islamic and Middle Eastern Finance and Management,18,2,0,0,0,0,0,7,3,10,0,10
2025,Zakat and Sustainable Development Goals (SDGs). Assessing the Ripple Effect of Obligatory-Alms Spending on Education. Empirical Evidence From Pakistan,17531403,Asian Social Work and Policy Review,19,1,0,0,0,0,0,8,2,10,0,10
2025,Waqf empowering sustainable water,,"Islamic Finance and Sustainable Development: The Water, Food, Energy, and Climate Nexus",,,0,0,0,0,0,0,0,0,0,0
2025,Cryptocurrencies from Islamic perspective,17590817,Journal of Islamic Accounting and Business Research,16,2,0,0,0,0,2,4,7,13,0,13
2025,Empowering the elderly: a cash waqf Takaful model for enhanced provision and protection in Malaysia,17538394,International Journal of Islamic and Middle Eastern Finance and Management,18,1,0,0,0,0,0,3,1,4,0,4
2025,What is the insolvency regime applied under Shariah for Islamic banks?,1754243X,International Journal of Law and Management,67,1,0,0,0,0,1,1,0,2,0,2
2025,“I intend to pay zakat on cryptocurrencies (CCs) but…”: an empirical analysis of CCs holders,25149369,International Journal of Ethics and Systems,,,0,0,0,0,0,1,4,5,0,5
2025,Trust as the engine of change: a conceptual model for trust building in zakat institutions,17590817,Journal of Islamic Accounting and Business Research,,,0,0,0,0,0,3,6,9,0,9
2025,Advancing a Just Transition: A Critical Analysis of Islamic Green Finance Policy Frameworks and Initiatives in Malaysia,,Islamic Finance and Sustainability: A Research Companion,,,0,0,0,0,0,0,1,1,0,1
2025,Islamic Finance and Its Role in Fostering Sustainable and Inclusive Economic Growth: A Bibliometric and Content Analysis,,Islamic Finance and Sustainability: A Research Companion,,,0,0,0,0,0,1,1,2,0,2
2025,"Enhancing banking systemic risk indicators by incorporating volatility clustering, variance risk premiums, and considering distance-to-capital",10590560,International Review of Economics and Finance,97,,0,0,0,0,0,2,2,4,0,4
2025,"FinTech innovation, stability and efficiency: Evidence from Malaysian bank industry",10769307,International Journal of Finance and Economics,30,1,0,0,0,0,0,6,9,15,0,15
2025,"ISLAMIC CAPITAL MARKETS: A Comparative Approach, THIRD EDITION",,"Islamic Capital Markets: A Comparative Approach, Third Edition",,,0,0,0,0,0,0,0,0,0,0
2025,Climate footprints of GCC’s economic sectors and the role of Islamic finance in building a sustainable future,,Islamic Finance and the Pursuit of Sustainable Prosperity,,,0,0,0,0,0,0,0,0,0,0
2025,Sustainable alternatives to Tawarruq-based debt financing for SMEs in Malaysia,,Islamic Finance and the Pursuit of Sustainable Prosperity,,,0,0,0,0,0,0,0,0,0,0
2025,The impact of Aid for Trade and institutional quality on green GDP in OIC countries,,Islamic Finance and the Pursuit of Sustainable Prosperity,,,0,0,0,0,0,0,0,0,0,0
2025,"Sustainability, regenerative, and humane transition: role of Islamic finance",,Islamic Finance and the Pursuit of Sustainable Prosperity,,,0,0,0,0,0,0,0,0,0,0
2025,The future of monetary policy and communication,,"Encyclopedia of Monetary Policy, Financial Markets and Banking",,,0,0,0,0,0,0,0,0,0,0
2025,EDITORIAL: JOURNAL REBRANDING: SAFEGUARDING ACADEMIC INTEGRITY AND INDEXING COMPLIANCE,30306442,International Journal of Islamic Finance and Sustainable Development,17,4,0,0,0,0,0,0,0,0,0,0
2025,"Performance of Global Sukuk Markets in 2023: Growth, Trends, and Resilience",21984182,"Studies in Systems, Decision and Control",291,,0,0,0,0,0,0,1,1,0,1
2025,WILL DELAYED RETIREMENT DECREASE YOUNG EMPLOYMENT? ROBUST RESULTS FOR MALAYSIA,21460744,International Journal of eBusiness and eGovernment Studies,17,1,0,0,0,0,0,0,0,0,0,0
2025,Does Foreign Aid Help or Hinder the Institutional Quality of the Recipient Country? New Evidence from the OIC Countries#,,Introduction to Islamic Economics and Finance,,,0,0,0,0,0,0,0,0,0,0
2025,Impact of Non-Intermediation Activities of Banks on Economic Growth and Volatility: An Evidence from OIC#,,Introduction to Islamic Economics and Finance,,,0,0,0,0,0,0,0,0,0,0
2025,"Maqasid al-Shariah, Islamic finance, and climate action",,"Islamic Finance and Climate Action: Ethics, Environmental Stewardship and Sustainability",,,0,0,0,0,0,0,0,0,0,0
2025,Commodity Prices and Inflation in Indonesia: Does the Pass-Through Really Matter?,0004900X,Australian Economic Papers,65,2,0,0,0,0,0,0,0,0,0,0
2025,Inclusive Finance,,Inclusive Finance,,,0,0,0,0,0,2,0,2,0,2
2025,The nexus of institutional quality and default risk in a dual banking system: Cross-country evidence,18167403,Banks and Bank Systems,20,3,0,0,0,0,0,0,0,0,0,0
2025,"Takeaways from Islamic social finance and sustainable development goals discourse: review and bibliometric analysis on future directions for Zakat, Waqf and Islamic microfinance",17590817,Journal of Islamic Accounting and Business Research,,,0,0,0,0,0,0,2,2,0,2
2025,Mapping the Need for Social Exchanges in Malaysia: Distinguishing Social Exchanges from Crowdfunding,23673370,Lecture Notes in Networks and Systems,1575 LNNS,,0,0,0,0,0,0,0,0,0,0
2025,The Potential Applications of Artificial Intelligence in Managing Zakat Funds,,Disruptive Technologies and Muslim Societies: From AI and Education to Food and Fintech,,,0,0,0,0,0,0,0,0,0,0
2025,Tapping Malaysian Intellectual Property Islamic Financing,25228854,Political Economy of the Middle East,Part F516,,0,0,0,0,0,0,0,0,0,0
2025,Valuation Framework for Energy Investment Finance,,"Energy Entrepreneurship, Sustainability, Innovation and Financing: Practical Applications and Future Directions",,,0,0,0,0,0,0,0,0,0,0
2025,ISLAMIC SOCIAL FINANCE AND SDG 2: MEASURING THE SOCIAL IMPACT OF ISLAMIC RELIGIOUS AND MALAY TRADITION COUNCIL IN PERAK STATE,19857454,Malaysian Journal of Syariah and Law,13,1,0,0,0,0,0,0,0,0,0,0
2025,Effective Shari'ah Governance: A Catalyst for Central Asian Islamic Finance,26336626,Manchester Journal of Transnational Islamic Law and Practice,21,1,0,0,0,0,0,0,0,0,0,0
2025,Conceptual and Practical Dimensions of Islamic Finance for Sustainable Blue Economy for Halal Sustainability,,Green and Blue Economy Frameworks for Halal Industry Sustainability,,,0,0,0,0,0,0,0,0,0,0
2025,From Ocean to Plate: The Potential of Blue Economy Products for Halal Industry Sustainability,,Green and Blue Economy Frameworks for Halal Industry Sustainability,,,0,0,0,0,0,0,0,0,0,0
2025,ESG AND BANKING PERFORMANCE IN EMERGING AND DEVELOPING COUNTRIES: DO ISLAMIC BANKS PERFORM BETTER?,24606146,Journal of Islamic Monetary Economics and Finance,11,1,0,0,0,0,0,2,3,5,0,5
2025,EDITORIAL: WRITING QUALITY JOURNAL ARTICLES,30306442,International Journal of Islamic Finance and Sustainable Development,16,4,0,0,0,0,0,0,0,0,0,0
2024,IS THE ASSOCIATION BETWEEN FDI AND INFLATION SYMMETRIC OR ASYMMETRIC? EVIDENCE FROM ARDL AND NARDL TECHNIQUES,2175908,Singapore Economic Review,69,8,0,0,0,0,1,0,0,1,0,1
2024,Harmonizing Tradition and Sharia: Istishab in Managing a Deferred Non-Negotiated Fish Transactions in Indonesia,26857812,Mazahibuna: Jurnal Perbandingan Mazhab,6,2,0,0,0,0,0,0,1,1,0,1
2024,Sustainable development: Exploring the role of islamic social finance in promoting sustainable development and social welfare,,The Future of Islamic Finance: From Shari'ah Law to Fintech,,,0,0,0,0,0,6,1,7,0,7
2024,Integrating islamic finance into the sustainable development goals (SDGs),,The Future of Islamic Finance: From Shari'ah Law to Fintech,,,0,0,0,0,0,6,1,7,0,7
2024,Effectiveness of Macroprudential Policies on Credit Surge and Stop Episodes,9237992,Open Economies Review,35,5,0,0,0,0,0,1,0,1,0,1
2024,Can micro-enterprises use Tawarruq Fardi Financing (TFF) for fund raising?,23991747,PSU Research Review,8,2,0,0,0,0,0,0,0,0,0,0
2024,Sustainable and responsible investment (SRI) Sukuk: lessons from Khazanah’s Sukuk Ihsan,17538394,International Journal of Islamic and Middle Eastern Finance and Management,17,6,0,0,0,0,0,2,6,8,0,8
2024,BLENDED ISLAMIC SOCIAL FINANCE-MICROTAKĀFUL MODEL,30306442,International Journal of Islamic Finance and Sustainable Development,16,3,0,0,0,0,0,2,0,2,0,2
2024,EDITORIAL: Embracing New Horizons,30306442,International Journal of Islamic Finance and Sustainable Development,16,3,0,0,0,0,0,0,0,0,0,0
2024,WAQF AND MICROFINANCE INTEGRATION FOR ENABLING SUSTAINABLE FINANCIAL INCLUSION: ANALYSIS OF SHARĪʿAH COMPLIANCE,30306442,International Journal of Islamic Finance and Sustainable Development,16,3,0,0,0,0,0,3,0,3,0,3
2024,Circular-ESG Model for Regenerative Transition,20711050,Sustainability (Switzerland),16,17,0,0,0,0,1,6,14,21,0,21
2024,"Bank financing diversification, market structure, and stability in a dual-banking system",0927538X,Pacific Basin Finance Journal,86,,0,0,0,0,1,8,4,13,0,13
2024,A Pandemic's grip: Volatility spillovers in Asia-Pacific equity markets during the onset of Covid-19,22148450,Borsa Istanbul Review,24,5,0,0,0,0,0,4,3,7,0,7
2024,OWNERSHIP TANSFER OF SOVEREIGN ṢUKŪK ASSETS: ANALYSIS OF PERTINENT ISSUES FROM SHARIAH PERSPECTIVE,22321047,Journal of Fatwa Management and Research,29,3,0,0,0,0,0,2,0,2,0,2
2024,The impact of Basel III regulations on solvency and credit risk-taking behavior of Islamic banks,17538394,International Journal of Islamic and Middle Eastern Finance and Management,17,5,0,0,0,0,1,4,5,10,0,10
2024,SMART CONTRACTS AND THEIR APPLICATION PROSPECTS IN SOCIAL BANKING: A MAQASID JURISPRUDENTIAL PERSPECTIVE,19857454,Malaysian Journal of Syariah and Law,12,2,0,0,0,0,0,2,1,3,0,3
2024,Impact of banking subsystem liquidity creation on real economic output,17538394,International Journal of Islamic and Middle Eastern Finance and Management,17,4,0,0,0,0,0,1,0,1,0,1
2024,Intellectual capital disclosures (ICD) of Islamic banks under IFRS versus AAOIFI regimes: an international evidence,17590817,Journal of Islamic Accounting and Business Research,15,6,0,0,0,0,1,2,0,3,0,3
2024,EDITORIAL,1281976,ISRA International Journal of Islamic Finance,16,2,0,0,0,0,0,2,0,2,0,2
2024,"IMPACT OF CORPORATE SOCIAL PERFORMANCE ON FINANCIAL PERFORMANCE: EVIDENCE FROM ISLAMIC BANKS, CONVENTIONAL BANKS AND SOCIAL BANKS",1281976,ISRA International Journal of Islamic Finance,16,2,0,0,0,0,2,6,1,9,0,9
2024,Global corporate tax policy space,9393625,Economic Systems,48,2,0,0,0,0,0,0,0,0,0,0
2024,"Exploring individuals' workplace spirituality in the context of their work teams: A qualitative multi-case, multi-team study",10448004,Human Resource Development Quarterly,35,2,0,0,0,1,3,6,3,13,0,13
2024,Selected issues in the use of RegTech in the Islamic and conventional financial markets,17590817,Journal of Islamic Accounting and Business Research,15,5,0,0,0,0,2,1,4,7,0,7
2024,EDITORIAL,1281976,ISRA International Journal of Islamic Finance,16,S1,0,0,0,0,0,0,0,0,0,0
2024,BLOCKCHAIN USE CASE IN ISLAMIC SOCIAL FINANCE,1281976,ISRA International Journal of Islamic Finance,16,1,0,0,0,0,1,5,2,8,0,8
2024,EDITORIAL,1281976,ISRA International Journal of Islamic Finance,16,1,0,0,0,0,0,0,0,0,0,0
2024,Islamic social finance: Law and practice in Malaysia,,Islamic Social Finance: Law and Practice in Malaysia,,,0,0,0,0,4,8,1,13,0,13
2024,"MONETARY POLICY, FINANCIAL DEVELOPMENT AND INCOME INEQUALITY IN DEVELOPING COUNTRIES",2175908,Singapore Economic Review,69,2,0,0,1,0,0,4,2,7,0,7
2024,Russia–Ukraine conflict: 2030 Agenda for SDGs hangs in the balance,25149369,International Journal of Ethics and Systems,40,1,0,0,1,13,17,14,4,49,0,49
2024,Islamic finance in Eurasia: The need for strategic change,,Islamic Finance in Eurasia: The Need for Strategic Change,,,0,0,0,0,0,1,0,1,0,1
2024,The challenges facing Islamic finance in Uzbekistan,,Islamic Finance in Eurasia: The Need for Strategic Change,,,0,0,0,0,1,1,0,2,0,2
2024,The role of sukuk in developing real estate projects,,Islamic Finance in Eurasia: The Need for Strategic Change,,,0,0,0,0,0,0,0,0,0,0
2024,Blockchain sukuk to assist financing challenges facing microfinance in Indonesia,,Islamic Finance in Eurasia: The Need for Strategic Change,,,0,0,0,0,0,0,0,0,0,0
2024,Islamic finance in South Asian Association for Regional Cooperation (SAARC) countries,,Islamic Finance in Eurasia: The Need for Strategic Change,,,0,0,0,0,1,0,1,2,0,2
2024,Financial sustainability challenges of Hajj financial management agency (BPKH): What really matters?,,Islamic Finance in Eurasia: The Need for Strategic Change,,,0,0,0,0,0,1,0,1,0,1
2024,Islamic finance and the demand for Islamic home financing solutions within the Dutch Islamic consumer segment,,Islamic Finance in Eurasia: The Need for Strategic Change,,,0,0,0,0,0,0,0,0,0,0
2024,Introduction to Islamic finance in Eurasia,,Islamic Finance in Eurasia: The Need for Strategic Change,,,0,0,0,0,0,0,0,0,0,0
2024,The role of cash waqf in resolving the financing challenges for human development,,Islamic Finance in Eurasia: The Need for Strategic Change,,,0,0,0,0,0,2,0,2,0,2
2024,"A Shari’ah Appraisal of Virtual Currencies Based on Historical Perspective, Recent Legal Development and Financial Trends",30290961,Legal Transformation in Muslim Societies,1,1,0,0,0,0,1,0,0,1,0,1
2024,Wills to Illegitimate Children: An Analysis of the Islamic Will Enactments Across the States of Malaysia,22320474,Global Journal Al-Thaqafah,14,2,0,0,0,0,0,0,0,0,0,0
2024,Navigating the Paradigm Shift in Malaysia’s Sustainable Responsible Investment Sukuks,26336626,Manchester Journal of Transnational Islamic Law and Practice,20,3,0,0,0,0,0,1,1,2,0,2
2024,A Framework for Waqf-Linked Sukuk to Develop Idle Waqf Land in Malaysia,26336626,Manchester Journal of Transnational Islamic Law and Practice,20,3,0,0,0,0,0,0,1,1,0,1
2024,Will Muslims integrate an Islamic accounting principle (zakat) into the financial paradigm reshaped by cryptocurrencies? Insights into cryptocurrencies holder perspectives,19852517,Journal of Financial Reporting and Accounting,,,0,0,0,0,0,4,5,9,0,9
2024,Governments’ initiatives towards Islamic green finance,,Islamic Green Finance: A Research Companion,,,0,0,0,0,1,2,1,4,0,4
2024,The Accounting Treatment of Cryptocurrencies: The Perspective of Current Accounting Standards,1823836X,International Journal of Economics and Management,18,2,0,0,0,0,0,0,1,1,0,1
2024,Empowering Sustainable Livelihoods: The Ayady Social Kafalah Platform as a Solution to Socioeconomic Challenges,21984182,"Studies in Systems, Decision and Control",517,,0,0,0,0,0,0,0,0,0,0
2024,Providing Provision and Protection to Ageing Population via Cash Waqf Takaful Model in Malaysia,21984182,"Studies in Systems, Decision and Control",517,,0,0,0,0,0,0,0,0,0,0
2024,Ethical discourse of ethical (Islamic) finance: a systematic literature review (1988–2022) and the way forward,17590817,Journal of Islamic Accounting and Business Research,,,0,0,0,0,1,2,0,3,0,3
2024,IMPACT OF LIQUIDITY CREATION ON REAL ECONOMIC OUTPUT: EVIDENCE FROM FULL-FLEDGED ISLAMIC BANKS AND HYBRID CONVENTIONAL BANKS,24606146,Journal of Islamic Monetary Economics and Finance,10,2,0,0,0,0,0,2,0,2,0,2
2024,Social Media’s Role in Shaping Millennials Halal Shopping Trends in Malaysia,15112802,Malaysian Journal of Consumer and Family Economics,32,,0,0,0,0,0,2,1,3,0,3
2024,SUSTAINABLE ISLAMIC FINANCIAL ENGINEERING WITH SPECIAL REFERENCE TO GULF COOPERATION COUNCIL'S ECONOMIES,1281976,ISRA International Journal of Islamic Finance,16,1,0,0,0,0,0,3,4,7,0,7
2024,Application of Zakat: From Classical and Contemporary Perspective,,Application of Zakat: From Classical and Contemporary Perspective,,,0,0,0,0,0,2,0,2,0,2
2024,"Competition, stability, and institutional environment: The case of dual banking economies",10769307,International Journal of Finance and Economics,29,1,0,0,0,0,2,2,1,5,0,5
2024,VIABILITY OF CASH WAQF-LINKED ṢUKŪK IN MALAYSIA,1281976,ISRA International Journal of Islamic Finance,15,4,0,0,0,0,3,9,3,15,0,15
2023,EDITORIAL,1281976,ISRA International Journal of Islamic Finance,15,4,0,0,0,0,0,1,0,1,0,1
2023,The Potential of Waqf-Blended Finance Using Crowdfunding in Indonesia,22321314,International Journal of Islamic Thought,24,1,0,0,0,1,4,4,2,11,0,11
2023,Determinants of Sukuk credit rating: evidence from issuing firms in Malaysia,17590817,Journal of Islamic Accounting and Business Research,14,8,0,0,0,0,4,1,0,5,0,5
2023,"Role of fintech in credit risk management: an analysis of Islamic banks in Indonesia, Malaysia, UAE and Pakistan",20534620,Journal of Science and Technology Policy Management,14,6,0,0,0,2,6,3,7,18,0,18
2023,Determinants of shadow economy in OIC and non-OIC countries: the role of financial development,17468809,International Journal of Emerging Markets,18,10,0,0,0,4,14,6,2,26,0,26
2023,"Environment, social and governance (ESG) performance and CDS spreads: the role of country sustainability",15265943,Journal of Risk Finance,24,5,0,0,0,1,7,19,13,40,0,40
2023,The impact of technical efficiency on firms’ value: The case of the halal food and beverage industry in selected countries,19326203,PLoS ONE,18,11-Nov,0,0,0,0,0,3,3,6,0,6
2023,Intellectual capital disclosure (ICD) in Islamic banks: does the diversity of Shariah committee matters?,17538394,International Journal of Islamic and Middle Eastern Finance and Management,16,6,0,0,0,1,1,5,2,9,0,9
2023,Shariah audit of Islamic Banks in Bangladesh: the present practice and the way forward,9675426,Journal of Applied Accounting Research,24,5,0,0,0,0,0,3,1,4,0,4
2023,Adoption of ZakaTech in the time of COVID-19: cross-country and gender differences,17590833,Journal of Islamic Marketing,14,11,0,0,0,1,7,19,10,37,0,37
2023,Combating Rising Energy Poverty with Sunnah-Compliant Orthodox Sukuk Finance,19118066,Journal of Risk and Financial Management,16,10,0,0,0,0,0,4,0,4,0,4
2023,THE ROLE OF INDEXING FOR A JOURNAL,1281976,ISRA International Journal of Islamic Finance,15,3,0,0,0,0,0,0,0,0,0,0
2023,Assessing ethical praxis of ethical (Islamic) financial institutions: a survey of empirical discoveries,1754243X,International Journal of Law and Management,65,5,0,0,0,1,3,1,0,5,0,5
2023,Shariah screening and corporate governance: The case of constituent stocks of Dow Jones US Indices,10590560,International Review of Economics and Finance,86,,0,0,1,2,3,3,1,10,0,10
2023,Determinant of Job Satisfaction and Job Performance among Staff of An Islamic Banks,26559609,Journal of Islamic Economic Laws,6,2,0,0,0,0,0,0,1,1,0,1
2023,"EDITORIAL In the Name of Allah, Most Gracious, Most Merciful",1281976,ISRA International Journal of Islamic Finance,15,2,0,0,0,0,0,1,0,1,0,1
2023,Saddling effect of underlying contracts on sales performance: a multi-group analysis in the takaful industry,17590833,Journal of Islamic Marketing,14,6,0,0,0,0,1,0,0,1,0,1
2023,The impact of sustainable banking practices on bank stability,13640321,Renewable and Sustainable Energy Reviews,178,,0,0,0,4,16,27,11,58,0,58
2023,Zakat payment from cryptocurrencies and crypto assets,17538394,International Journal of Islamic and Middle Eastern Finance and Management,16,3,0,0,0,1,13,14,8,36,0,36
2023,Shariah-compliant equities and Shariah screening: need for convergence of ethical screening of stocks with Shariah screening,17468809,International Journal of Emerging Markets,18,2,0,1,4,0,6,7,4,22,0,22
2023,Analysis of lending interest rate and economic activities in Malaysia,0094243X,AIP Conference Proceedings,2500,,0,0,0,0,1,0,0,1,0,1
2023,"Organizational decision-making behaviour related to ethical issues, developing scale with special reference to “inter-variable circular causality and religious (Islamic) discourse”",25149369,International Journal of Ethics and Systems,39,1,0,0,0,0,2,0,0,2,0,2
2023,Hire Purchase Under Shirkah al-Milk (HPSM) in Islamic Banking and Finance: A Shari’ah Analysis,,Hire Purchase Under Shirkah al-Milk (HPSM) in Islamic Banking and Finance: A Shari’ah Analysis,,,0,0,0,0,0,1,1,2,0,2
2023,Impact of Military Expenditure on Biodiversity Loss: Worldwide Evidence,1522936X,AgBioForum,25,1,0,0,0,0,1,0,0,1,0,1
2023,ARE GIG WORKERS PROTECTED? A POSSIBLE SOLUTION,13098055,International Journal of Economics and Finance Studies,15,3,0,0,0,0,2,0,1,3,0,3
2023,Monetary Policy and Exchange Rate in a Large Emerging Economy,9721509,Global Business Review,,,0,0,0,0,0,0,0,0,0,0
2023,Growth Differences Between Former Colonies,2100266,Cuadernos de Economia,46,130,0,0,0,1,1,0,0,2,0,2
2023,"ENHANCING SYNERGY IN THE WAQF ECOSYSTEM IN MALAYSIA: PROMOTING INCREASED WAQF CONTRIBUTIONS AMONG BENEFICIARIES, DONORS, AND MUTAWALLI",13098055,International Journal of Economics and Finance Studies,15,3,0,0,0,0,1,0,1,2,0,2
2023,Developing A Social Security Micro-Takaful Model for Gig Economy Workforce,2100266,Cuadernos de Economia,46,130,0,0,0,2,0,2,1,5,0,5
2023,Developing Islamic Infrastructure Financing in the D-8: Prospects and Challenges,,Economic Integration Among D-8 Muslim Countries: Prospects and Challenges,,,0,0,0,0,0,0,0,0,0,0
2023,Understanding Blockchain technology in Islamic social finance and its opportunities in metaverse,,"20th International Learning and Technology Conference, L and T 2023",,,0,0,0,0,6,1,3,10,0,10
2023,Investment decisions in digital sukuk in the time of COVID-19: do tax incentives matter?,20430795,Journal of Sustainable Finance and Investment,13,1,0,0,0,2,10,12,5,29,0,29
2023,The Role of Technology in Effective Distribution of Zakat to Poor and Needy,25233483,Palgrave CIBFR Studies in Islamic Finance,Part F11442,,0,0,0,1,0,2,2,5,0,5
2023,Maqasid al-Shariah and Sustainable Development Goals Convergence: An Assessment of Global Best Practices,25233483,Palgrave CIBFR Studies in Islamic Finance,Part F11442,,0,0,0,0,5,10,3,18,0,18
2023,Critical Review on Financial Reporting Practices by Islamic Banks: (Comparison between AAOIFI and IFRS),16938437,Nurani,22,2,0,0,0,0,0,0,0,0,0,0
2022,Editorial,1281976,ISRA International Journal of Islamic Finance,14,3,0,0,0,0,0,0,0,0,0,0
2022,Micro-takāful scheme for the protection of houses belonging to low-income groups in Malaysia,1281976,ISRA International Journal of Islamic Finance,14,3,0,0,0,2,2,1,3,8,0,8
2022,Can fraud in Islamic financial institutions be prevented using high standards of shariah governance?,1754243X,International Journal of Law and Management,64,6,0,0,0,2,5,5,2,14,0,14
2022,Private credit in dual banking countries: Does bank ownership type matter?,10964762,Thunderbird International Business Review,64,6,0,0,0,1,0,0,1,2,0,2
2022,THE NEED TO ELIMINATE MISMANAGEMENT AND CORRUPTION IN ISLAMIC SOCIAL FINANCE INSTITUTIONS,1282530,IIUM Law Journal,30,S2,0,0,0,1,2,3,3,9,0,9
2022,Pioneering Islamic microfinance in Uganda: A sustainable poverty alleviation approach,,Islamic Finance in Africa,,,0,0,0,0,1,0,1,2,0,2
2022,Future of Islamic finance in the post-COVID era in Africa,,Islamic Finance in Africa,,,0,0,0,0,0,0,0,0,0,0
2022,The development of waqf in Sudan for sustainable development,,Islamic Finance in Africa,,,0,0,0,0,0,0,0,0,0,0
2022,Islamic financing on agriculture in Sub-Saharan Africa,,Islamic Finance in Africa,,,0,0,0,0,0,0,1,1,0,1
2022,The potential of cash waqf for poverty alleviation in Somalia,,Islamic Finance in Africa,,,0,0,0,0,0,2,0,2,0,2
2022,Weak and missing links of Islamic finance in Nigeria: A legal appraisal,,Islamic Finance in Africa,,,0,0,0,0,0,0,0,0,0,0
2022,The transformative power of zakat (alms) in a humanitarian crisis: A case study from Kenya,,Islamic Finance in Africa,,,0,0,0,0,1,1,0,2,0,2
2022,Islamic finance in Africa,,Islamic Finance in Africa,,,0,0,0,0,0,0,0,0,0,0
2022,Introduction to Islamic finance in Africa,,Islamic Finance in Africa,,,0,0,0,0,0,0,0,0,0,0
2022,Islamic finance in Africa,,Islamic Finance in Africa,,,0,0,0,0,0,1,0,1,0,1
2022,Regulatory framework of Islamic finance in selected West African countries,,Islamic Finance in Africa,,,0,0,0,0,1,1,0,2,0,2
2022,Editorial,1281976,ISRA International Journal of Islamic Finance,14,2,0,0,0,0,0,0,0,0,0,0
2022,Adoption of the COSO methodology for internal Sharīʿah audit,1281976,ISRA International Journal of Islamic Finance,14,2,0,0,0,0,5,1,3,9,0,9
2022,Some thoughts on resetting the roles and functions of Sharīʿah committees of Islamic banks in Malaysia,1281976,ISRA International Journal of Islamic Finance,14,2,0,0,0,0,3,0,1,4,0,4
2022,Evolution of Islamic liquidity management in Turkey,17538394,International Journal of Islamic and Middle Eastern Finance and Management,15,4,0,0,1,0,2,2,1,6,0,6
2022,Burdening effect of Shariah knowledge and sales performance in Islamic financial institutions: does female salesforce perform better?,17590817,Journal of Islamic Accounting and Business Research,13,6,0,0,0,0,1,0,1,2,0,2
2022,Exploring the intentional behaviour of refugees in participating in micro-enterprise support programmes (MESP): is theory of planned behaviour (TPB) still relevant?,20534604,Journal of Entrepreneurship in Emerging Economies,14,4,0,0,2,2,13,9,1,27,0,27
2022,Communicated ethical identity disclosure (CEID) of Islamic banks under the AAOIFI and IFRS accounting regimes: a global evidence,17590817,Journal of Islamic Accounting and Business Research,13,5,0,0,0,0,5,3,3,11,0,11
2022,Editorial,1281976,ISRA International Journal of Islamic Finance,14,1,0,0,0,0,0,0,0,0,0,0
2022,Proposing an organizational framework for the Sharīʿah Secretariat of Islamic banks in Bangladesh,1281976,ISRA International Journal of Islamic Finance,14,1,0,0,1,1,1,3,0,6,0,6
2022,COVID-19 and GCC stock market performance: an analysis of the boon (financial stimulus package) and curse (oil price plunge) effects,17538394,International Journal of Islamic and Middle Eastern Finance and Management,15,2,0,0,1,1,3,2,1,8,0,8
2022,COVID-19 pandemic and risk dynamics of financial markets in G7 countries,17538394,International Journal of Islamic and Middle Eastern Finance and Management,15,2,0,0,0,3,3,0,2,8,0,8
2022,Cliophysics: A scientific analysis of recurrent historical events,2955075,EPL,138,2,0,0,0,2,2,0,0,4,0,4
2022,Portraying ethical reasoning in Islamic banking: Addressing the role of work experience,26946416,"Business Ethics, Environment and Responsibility",31,2,0,0,1,2,4,0,2,9,0,9
2022,Product market fluidity and religious constraints: evidence from the US market,8105391,Accounting and Finance,62,S1,0,0,0,0,0,1,0,1,0,1
2022,Salesforce product knowledge in Islamic financial institutions; development and validation of measurement scale,17590833,Journal of Islamic Marketing,13,5,0,0,3,2,1,1,0,7,0,7
2022,What motivates retail investors to invest in government-issued digital sukuk during COVID-19?,17590817,Journal of Islamic Accounting and Business Research,13,3,0,0,0,2,10,9,6,27,0,27
2022,"Does implied volatility (or fear index) affect Islamic stock returns and conventional stock returns differently? Wavelet-based granger-causality, asymmetric quantile regression and NARDL approaches",10424431,"Journal of International Financial Markets, Institutions and Money",77,,0,0,4,5,8,7,5,29,0,29
2022,Depicting ethical dilemma in Islamic financial institutions; addressing the gender heterogeneity,1309422X,Eurasian Economic Review,12,1,0,0,1,2,1,1,0,5,0,5
2022,"Correction to: Are religious investors financially smart? Evidence from equity funds (Journal of Asset Management, (2022), 23, 1, (33-45), 10.1057/s41260-021-00240-2)",14708272,Journal of Asset Management,23,2,0,0,0,0,0,0,0,0,0,0
2022,Impact of non-intermediation activities of banks on economic growth and volatility: An evidence from oic,2175908,Singapore Economic Review,67,1,0,1,8,22,4,2,0,37,0,37
2022,Does foreign aid help or hinder the institutional quality of the recipient country? new evidence from the oic countries,2175908,Singapore Economic Review,67,1,0,0,1,1,1,0,1,4,0,4
2022,Maqashid Al Shariah in Economic Development: Theoretical Review of Muhammad Umer Chapra's Thoughts,14120992,Millah: Journal of Religious Studies,21,2,0,0,1,0,3,4,2,10,0,10
2022,Are religious investors financially smart? evidence from equity funds,14708272,Journal of Asset Management,23,1,0,0,0,0,1,0,1,2,0,2
2022,External Sharī‘ah audit and review committee Vis-a-Vis Sharī‘ah compliance quality and accountability: A case of Islamic banks in Bangladesh,14723891,Journal of Public Affairs,22,1,1,3,7,3,4,7,3,27,0,28
2022,DOES (ISLAMIC) STOCK MARKET MITIGATE SHADOW ECONOMY IN MALAYSIA?,13098055,International Journal of Economics and Finance Studies,14,2,0,0,0,0,0,1,0,1,0,1
2022,Managing the Malaysian Economy after the Watershed GE 2008,,Regime Resilience: In Malaysia and Singapore,,,0,0,0,0,0,0,0,0,0,0
2022,Financial Derivatives: Markets and Applications: 5th Edition,,Financial Derivatives: Markets and Applications: 5th Edition,,,0,0,0,0,1,0,0,1,0,1
2022,A Fintech-Based Zakat Model Using Artificial Intelligence,,"FinTech in Islamic Financial Institutions: Scope, Challenges, and Implications in Islamic Finance",,,0,0,0,2,1,2,1,6,0,6
2022,COVID-19 Pandemic and ‘KITA JAGA KITA’: Appraisal of Social Responsible Practices of Islamic Banking Institutions in Malaysia,,Wealth Management and Investment in Islamic Settings: Opportunities and Challenges,,,0,0,0,1,0,0,0,1,0,1
2022,AN ASSESSMENT OF CURRENCY EXPOSURE OF NON-FINANCIAL FIRMS IN ASEAN-4: INSIGHTS USING THE STOCK RETURNS AND CASH FLOW METHODOLOGIES,23052147,Asian Economic and Financial Review,12,12,0,0,0,0,1,1,0,2,0,2
2022,What drives the Halal Food and Beverage Trade? A Gravity Model Investigation,2100266,Cuadernos de Economia,45,127,0,0,0,1,5,1,0,7,0,7
2022,Quota sampling method in online household surveys,22150161,MethodsX,9,,0,0,0,3,5,18,9,35,0,35
2022,UNDERSTANDING ISSUES OF AFFORDABLE HOUSING IN MALAYSIA TO ATTRACT INVESTMENT: AN EXPLORATORY INVESTIGATION,16756215,Planning Malaysia,20,,0,0,1,1,4,5,2,13,0,13
2022,The Impact of Reading Habits and Their Antecedents on The Subjective Well-Being of Malaysian Youths,1302597X,Eurasian Journal of Educational Research,2022,97,0,0,0,0,0,1,1,2,0,2
2022,The Sociology of Reading Among Malaysian Youths: Building A Culture of Reading to Enhance Environmental Awareness and Develop Pro-Environmental Behavior,26305984,Educational Sciences: Theory and Practice,22,1,0,0,0,0,0,0,0,0,0,0
2022,Re-examining oil and BRICS’ stock markets: new evidence from wavelet and MGARCH-DCC,17520843,Macroeconomics and Finance in Emerging Market Economies,15,2,0,2,4,7,5,3,5,26,0,26
2022,‘It’s better to treat a COVID patient than a HIV patient’: using feminist participatory research to assess women’s challenges to access HIV care in Indonesia during the COVID-19 pandemic,20499361,Therapeutic Advances in Infectious Disease,8,,0,0,2,1,3,1,0,7,0,7
2021,In search of safe haven assets during COVID-19 pandemic: An empirical analysis of different investor types,2755319,Research in International Business and Finance,58,,0,3,25,18,22,26,7,101,0,101
2021,Measuring burdening effect of Shariah knowledge on sales performance; does work experience matter? A multi-group analysis in the Islamic finance industry,17538394,International Journal of Islamic and Middle Eastern Finance and Management,14,5,0,0,2,5,3,0,0,10,0,10
2021,Switching costs and bank competition: Evidence from dual banking economies,10424431,"Journal of International Financial Markets, Institutions and Money",75,,0,0,2,2,2,3,3,12,0,12
2021,THE RELEVANCE OF SHURA IN PROMOTING SHARED PROSPERITY IN DEVELOPED AND DEVELOPING COUNTRIES: ICIS 2021,22321047,Journal of Fatwa Management and Research,26,2,0,0,0,0,1,0,0,1,0,1
2021,Drawing ethical mentation in Islamic banks; addressing operational lines heterogeneity with special reference to Al-Ghazali’s ethical philosophy,25149369,International Journal of Ethics and Systems,37,4,0,0,2,1,5,2,1,11,0,11
2021,Dividend payout policy of Shariah compliant firms: Evidence from United States,0927538X,Pacific Basin Finance Journal,69,,0,1,4,3,8,8,3,27,0,27
2021,Editorial,1281976,ISRA International Journal of Islamic Finance,13,2,0,0,0,0,0,0,0,0,0,0
2021,Does sectoral diversification of loans and financing improve bank returns and risk in dual-banking systems?,0927538X,Pacific Basin Finance Journal,68,,0,0,3,2,5,5,6,21,0,21
2021,The effectiveness of the post-Covid-19 recovery policies: Evidence from a simulated DSGE model for Turkey,3135926,Economic Analysis and Policy,71,,0,1,3,4,4,1,1,14,0,14
2021,"Pandemic crisis, digitalization and social responsibility: An emerging role of Islamic economics and finance",,Islamic Finance and Sustainable Development: A Sustainable Economic Framework for Muslim and Non-Muslim Countries,,,0,0,0,0,1,1,0,2,0,2
2021,Need to redefine Islamic finance in the light of Maqasid Al-Shariah,,Islamic Finance and Sustainable Development: A Sustainable Economic Framework for Muslim and Non-Muslim Countries,,,0,0,0,0,0,2,1,3,0,3
2021,"Sustainable finance and a Shari' analysis of Environmental, Social and Governance (ESG) criteria",,Islamic Finance and Sustainable Development: A Sustainable Economic Framework for Muslim and Non-Muslim Countries,,,0,0,0,4,8,5,2,19,0,19
2021,The role of Islamic finance in achieving Sustainable Development Goals (SDGs),,Islamic Finance and Sustainable Development: A Sustainable Economic Framework for Muslim and Non-Muslim Countries,,,0,0,1,1,9,8,2,21,0,21
2021,Foreword,,Contemporary Issues in Islamic Social Finance,,,0,0,0,0,0,0,0,0,0,0
2021,Social enterprise and waqf: An alternative sustainable vehicle for Islamic social finance,,"Foundations of a Sustainable Economy: Moral, Ethical and Religious Perspectives",,,0,1,0,0,1,2,1,5,0,5
2021,Legal and compliance reform for Islamic financial benchmarking,,Benchmarking Islamic Finance: A Framework for Evaluating Financial Products and Services,,,0,0,0,0,0,0,0,0,0,0
2021,"Islamic Economics: Morality, Rationality, and Research",10187383,"Journal of King Abdulaziz University, Islamic Economics",34,2,0,0,0,0,0,0,0,0,0,0
2021,"Islamic banks: History, stability and lessons from cooperative banking",22321640,Institutions and Economies,13,3,0,0,0,0,1,0,0,1,0,1
2021,Sharī'ah framework for pricing family takāful products,1284878,Intellectual Discourse,29,1,0,0,0,0,1,0,1,2,0,2
2021,Ethical investing and capital structure,15660141,Emerging Markets Review,47,,0,2,5,3,1,3,2,16,0,16
2021,Exchange rates and fundamentals: Further evidence based on asymmetric causality test,21107017,International Economics,165,,0,2,0,1,4,0,0,7,0,7
2021,Islamic ethical wealth and its strategic solutions to 'zero hunger' scheme,,Islamic Wealth and the SDGs: Global Strategies for Socio-Economic Impact,,,0,0,1,0,2,0,0,3,0,3
2021,Measuring ethical judgement on ethical choice in an ethical system: a confirmatory study on Islamic banks in UAE,17538394,International Journal of Islamic and Middle Eastern Finance and Management,14,2,0,2,4,2,6,0,2,16,0,16
2021,Middle-income customers and their perception of Islamic banking in Sylhet: one of Bangladesh’s most pious cities,17538394,International Journal of Islamic and Middle Eastern Finance and Management,14,2,0,0,3,2,3,1,4,13,0,13
2021,Structuring fund for affordable housing investment in Malaysia: an exploratory research,17538270,International Journal of Housing Markets and Analysis,14,2,0,0,0,0,2,2,0,4,0,4
2021,COVID-19 and islamic social finance,,COVID-19 and Islamic Social Finance,,,0,0,1,5,2,2,0,10,0,10
2021,Funding the refugee crisis in Turkey: A case for social impact sukuk,,COVID-19 and Islamic Social Finance,,,0,0,1,0,2,2,0,5,0,5
2021,Impact of COVID-19 on islamic social finance,,COVID-19 and Islamic Social Finance,,,0,2,0,3,4,0,0,9,0,9
2021,Introduction,,COVID-19 and Islamic Social Finance,,,0,0,0,0,0,0,0,0,0,0
2021,Foreword,,COVID-19 and Islamic Social Finance,,,0,0,0,0,0,0,0,0,0,0
2021,"Competition, diversification, and stability in the Indonesian banking system",14108046,Buletin Ekonomi Moneter dan Perbankan/Monetary and banking economics bulletin,24,,0,0,5,4,3,5,0,17,0,17
2021,Is there a diversification “cost” of Shari'ah compliance? Empirical evidence from Malaysian equities,9393625,Economic Systems,45,1,0,0,1,1,2,1,2,7,0,7
2021,Halal certification process for fisheries products in Maldives,17590833,Journal of Islamic Marketing,12,2,0,1,1,3,7,10,2,24,0,24
2021,Towards development and validation of scale for ethical decision-making model in marketing: A religious–humanistic approach with special reference to ethical philosophy in Islam,17590833,Journal of Islamic Marketing,12,2,0,2,2,0,2,0,1,7,0,7
2021,Legal and Sharīʿah non-compliance risks in Nigerian Islamic finance industry: a review of the literature,1754243X,International Journal of Law and Management,63,2,0,1,3,5,8,2,1,20,0,20
2021,Performance of Shari’ah-compliant and non-Shari’ah-compliant listed firms: a case study of Malaysia,17538394,International Journal of Islamic and Middle Eastern Finance and Management,14,1,0,0,1,2,10,6,3,22,0,22
2021,"Reconciling selection criteria of Islamic banking services: a survey on perception of Islamic bankers, institutional clients and retail customers in UAE",17590817,Journal of Islamic Accounting and Business Research,12,1,0,2,2,2,3,2,0,11,0,11
2021,Editorial,1281976,ISRA International Journal of Islamic Finance,13,1,0,0,0,0,0,0,0,0,0,0
2021,Islamic Commercial Law,,Islamic Law in Malaysia: The Challenges of Implementation,,,0,0,0,0,0,0,0,0,0,0
2021,Islamic FinTech and Financial Inclusion,,Islamic FinTech: Insights and Solutions,,,0,0,0,0,1,7,2,10,0,10
2021,The Direction of Future Research on i-FinTech,,Islamic FinTech: Insights and Solutions,,,0,0,1,0,0,0,0,1,0,1
2021,The Opportunities of Digital Wallets from an Islamic Perspective,,Islamic FinTech: Insights and Solutions,,,0,0,0,0,0,0,0,0,0,0
2021,METHODOLOGIES AND SMART TECHNIQUES RECOMMENDED IN ANALYZING MAQASID AL-SHARI”AH FOR ISLAMIC ECONOMICS AND FINANCE,,Teaching and Research Methods for Islamic Economics and Finance,,,0,0,0,0,1,1,0,2,0,2
2021,Contributions of Professor M. Kabir Hassan to the Islamic Finance Literature: A Bibliometric Study,1271962,Jurnal Ekonomi Malaysia,55,3,0,0,0,1,2,3,2,8,0,8
2021,Editorial,1281976,ISRA International Journal of Islamic Finance,13,3,0,0,0,0,0,0,0,0,0,0
2021,Volatility transmission within financial markets during the COVID-19 pandemic: are faith-based investors well off in Tunisia?,17590817,Journal of Islamic Accounting and Business Research,13,1,0,0,1,2,2,4,0,9,0,9
2021,Zakat Calculation Software for Corporate Entities,,Islamic FinTech: Insights and Solutions,,,0,1,0,1,0,1,1,4,0,4
2021,COVID-19: it’s impact in Hajj and Umrah and a future direction,17590817,Journal of Islamic Accounting and Business Research,12,5,0,0,6,4,7,2,2,21,0,21
2021,Judicial challenges facing the islamic finance industry of Nigeria,9548890,African Journal of International and Comparative Law,29,2,0,0,3,0,0,0,0,3,0,3
2021,Impact of Bank Concentration and Financial Development on Growth Volatility: The Case of Selected OIC Countries,1540496X,Emerging Markets Finance and Trade,57,7,0,0,1,1,2,2,0,6,0,6
2021,Lessons from COVID 19 - what the virus has taught us,1307671X,Duzce Medical Journal,23,Special Issue 1,0,1,2,0,0,0,0,3,0,3
2021,"Ownership type, business model, market structure, and the performance of Takaful and conventional insurance companies in Malaysia",23322039,Cogent Economics and Finance,9,1,0,0,1,0,3,2,0,6,0,6
2021,Infrastructure-FDI nexus in Nigeria: Insights from nonlinear threshold regression model,17516447,Afro-Asian Journal of Finance and Accounting,11,1,0,0,0,1,0,1,0,2,0,2
2021,ESG activities and banking performance: International evidence from emerging economies,10424431,"Journal of International Financial Markets, Institutions and Money",70,,0,8,27,58,105,157,107,462,0,462
2021,"Competition, diversification and performance in dual banking: a panel VAR analysis",1331677X,Economic Research-Ekonomska Istrazivanja,34,1,0,0,2,2,5,0,2,11,0,11
2021,Why CEOs invest in Corporate Social Responsibility initiatives: evidence on Shariah compliant firms,13504851,Applied Economics Letters,28,8,0,1,0,0,2,2,0,5,0,5
2021,Do the Islamic Stock Market Returns Respond Differently to the Realized and Implied Volatility of Oil Prices? Evidence from the Time–Frequency Analysis,1540496X,Emerging Markets Finance and Trade,57,9,2,1,6,5,4,2,3,21,0,23
2021,Regulating FinTech Businesses: The Malaysian Experience,,"Research Anthology on Concepts, Applications, and Challenges of FinTech",,,0,0,0,0,0,0,0,0,0,0
2021,Editorial,1281976,ISRA International Journal of Islamic Finance,12,3,0,0,0,0,0,0,0,0,0,0
2020,Practical application of Kafalah in Islamic banking in Malaysia,23991747,PSU Research Review,4,3,0,0,0,1,2,2,1,6,0,6
2020,Lending Rate and Carbon Emissions Nexus: Evidence from the United States of America,2590051X,Research in Globalization,2,,0,0,1,0,2,2,0,5,0,5
2020,Which Sustainability Dimensions Affect Credit Risk? Evidence from Corporate and Country-Level Measures,19118066,Journal of Risk and Financial Management,13,12,0,2,5,7,6,6,2,28,0,28
2020,Portfolio diversification benefits in southeast asian stock markets for turkish investors,15114554,Malaysian Journal of Economic Studies,57,2,0,0,0,0,0,0,0,0,0,0
2020,How does the monetary transmission mechanism work? Evidence from Turkey,22148450,Borsa Istanbul Review,20,4,0,3,2,4,4,6,2,21,0,21
2020,Socially responsible investment sukuk (Islamic bond) development in Malaysia,17554179,Qualitative Research in Financial Markets,12,4,0,1,2,4,11,11,0,29,0,29
2020,Al Meezan Investment Management Limited: evolution of Sharīʿah-compliant mutual funds,20450621,Emerald Emerging Markets Case Studies,10,4,0,1,0,0,0,0,0,1,0,1
2020,Editorial,1281976,ISRA International Journal of Islamic Finance,12,2,0,0,0,0,0,0,0,0,0,0
2020,Conceptual framework of internal Sharīʿah audit effectiveness factors in Islamic banks,1281976,ISRA International Journal of Islamic Finance,12,2,0,1,8,2,5,4,2,22,0,22
2020,The effects of interest rate on Islamic bank financing instruments: Cross-country evidence from dual-banking systems,0927538X,Pacific Basin Finance Journal,62,,0,4,3,7,8,12,2,36,0,36
2020,Ethical investments and financial performance: An international evidence,0927538X,Pacific Basin Finance Journal,62,,1,2,0,3,1,6,3,15,0,16
2020,An exploratory study on Musharakah SRI Sukuk for the development of Waqf properties/assets in Malaysia,17554179,Qualitative Research in Financial Markets,12,3,0,6,4,8,13,11,6,48,0,48
2020,The effect of halal foods awareness on purchase decision with religiosity as a moderating variable: A study among university students in Brunei Darussalam,17590833,Journal of Islamic Marketing,11,5,1,7,4,8,13,13,5,50,0,51
2020,Salam for import operations: mitigating commodity macro risk,17590817,Journal of Islamic Accounting and Business Research,11,8,1,1,0,0,2,2,0,5,0,6
2020,Islamic Depositary Receipts (IDRs) as a panacea,22320474,Global Journal Al-Thaqafah,10,1,0,0,0,0,0,0,0,0,0,0
2020,Comment on “Economic Reforms in the Aftermath of Regime Change in Malaysia”,18328105,Asian Economic Policy Review,15,2,1,0,0,0,0,0,0,0,0,1
2020,Sharīʿah-compliant central banking practices: lessons from Muslim countries’ experience,1281976,ISRA International Journal of Islamic Finance,12,1,0,1,0,1,3,4,0,9,0,9
2020,Editorial,1281976,ISRA International Journal of Islamic Finance,12,1,0,0,0,0,0,0,0,0,0,0
2020,Need to pioneer Islamic tourism in tourist resorts in Maldives,17590833,Journal of Islamic Marketing,11,4,2,0,1,0,3,2,1,7,0,9
2020,The nexus between oil price and islamic stock markets in Africa: A wavelet and Multivariate-GARCH approach,22148450,Borsa Istanbul Review,20,2,1,7,13,7,5,2,6,40,0,41
2020,The impact of situational factors on ethical choice: A survey of Islamic banking practitioners in UAE,17590817,Journal of Islamic Accounting and Business Research,11,6,2,1,4,4,0,0,1,10,0,12
2020,What drives the financial performance of general takaful companies?,17590817,Journal of Islamic Accounting and Business Research,11,6,0,3,0,1,0,9,2,15,0,15
2020,Ethics in the light of maqasid Al-Shari'ah: A case study of islamic economics and finance,,Handbook of Ethics of Islamic Economics and Finance,,,0,1,0,1,4,3,2,11,0,11
2020,Ethics of risk-sharing economics and finance,,Handbook of Ethics of Islamic Economics and Finance,,,0,0,0,0,1,2,0,3,0,3
2020,Handbook of ethics of islamic economics and finance,,Handbook of Ethics of Islamic Economics and Finance,,,0,0,2,1,0,2,1,6,0,6
2020,Zakat and waqf as instrument of Islamic wealth in poverty alleviation and redistribution: Case of Malaysia,0144333X,International Journal of Sociology and Social Policy,40,3-Apr,0,7,5,10,13,25,15,75,0,75
2020,Malaysia,,The Edinburgh Companion to Shari'ah Governance in Islamic Finance,,,0,0,0,0,0,0,0,0,0,0
2020,Saudi Arabia,,The Edinburgh Companion to Shari'ah Governance in Islamic Finance,,,0,0,0,0,0,0,0,0,0,0
2020,Merton's equation and the quantum oscillator: Pricing risky corporate coupon bonds,3784371,Physica A: Statistical Mechanics and its Applications,541,,1,0,0,1,3,0,0,4,0,5
2020,Need for calibration: applying a maximum threshold to liquidity ratio for Islamic banks,17538394,International Journal of Islamic and Middle Eastern Finance and Management,13,1,0,1,3,0,3,0,0,7,0,7
2020,"Damage assessment for kelantan flooding: Does the early warning instrument mitigates the risk? a case of kuala krai, Kelantan",0974262X,Disaster Advances,13,2,0,0,0,0,0,0,0,0,0,0
2020,Bank Risk and Financial Development: Evidence From Dual Banking Countries,1540496X,Emerging Markets Finance and Trade,56,2,2,3,7,25,5,6,1,47,0,49
2020,Short-term Sharīʿah-compliant Islamic liquidity management instruments to sustain Islamic banking: The case of Maldives,17590817,Journal of Islamic Accounting and Business Research,11,2,0,0,2,1,0,1,0,4,0,4
2020,House financing: contracts used by Islamic banks for finished properties in Malaysia,17590817,Journal of Islamic Accounting and Business Research,11,1,0,1,0,2,1,4,0,8,0,8
2020,Too Small to Succeed versus Too Big to Fail: How Much Does Size Matter in Banking?,1540496X,Emerging Markets Finance and Trade,56,1,0,0,3,0,2,1,0,6,0,6
2020,ARE ISLAMIC BANKS SUFFERING FROM A MODEL MISFIT? A COMPARISON WITH COOPERATIVE BANKS,24606146,Journal of Islamic Monetary Economics and Finance,6,2,0,0,0,1,0,0,0,1,0,1
2020,Mathematical Methods and Quantum Mathematics for Economics and Finance,,Mathematical Methods and Quantum Mathematics for Economics and Finance,,,1,0,1,1,2,1,0,5,0,6
2020,Leading Issues in Islamic Economics and Finance: Critical Evaluations,,Leading Issues in Islamic Economics and Finance: Critical Evaluations,,,0,0,1,0,2,3,0,6,0,6
2020,Assessing the effectiveness of internal Sharīʿah audit structure and its practices in Islamic financial institutions: a case study of Islamic banks in Yemen,24599700,Asian Journal of Accounting Research,6,1,0,1,0,1,0,3,2,7,0,7
2020,"Ṣukūk on blockchain: a legal, regulatory and Sharī’ah review",1281976,ISRA International Journal of Islamic Finance,13,1,0,1,4,8,11,4,6,34,0,34
2020,SUSTAINABILITY-DISCLOSURES AND FINANCIAL PERFORMANCE: SHARIAH COMPLIANT VS NON-SHARIAH-COMPLIANT INDONESIAN FIRMS,24606146,Journal of Islamic Monetary Economics and Finance,6,4,0,1,0,2,1,0,2,6,0,6
2020,Novel Coronavirus (Covid-19) from the Islamic Perspective: Implications and Solutions,10187383,"Journal of King Abdulaziz University, Islamic Economics",33,3,0,0,0,0,0,0,0,0,0,0
2020,Ownership Transfer of Sovereign Sukuk’s Assets: A Shariah and Legal Analysis,22320474,Global Journal Al-Thaqafah,10,2,0,0,0,0,0,0,0,0,0,0
2020,ISLAMIC BANKING AND BANK PERFORMANCE IN MALAYSIA: AN EMPIRICAL ANALYSIS,24606146,Journal of Islamic Monetary Economics and Finance,6,3,2,6,3,5,5,1,2,22,0,24
2020,Governance and risk-taking in conventional and Islamic banks,3074358,Managerial Finance,47,5,0,0,2,3,4,4,0,13,0,13
2020,A conventional and Sharī'ah analysis of bitcoin,2680556,Arab Law Quarterly,35,1-Feb,0,0,4,1,2,2,0,9,0,9
2020,What bank specific and macroeconomic elements influence non-performing loans in Bangladesh? Evidence from conventional and Islamic banks,26431092,Green Finance,2,2,0,1,6,2,2,0,5,16,0,16
2020,Conventional futures: A review of major issues from the Islamic finance perspective,17575648,International Journal of Pluralism and Economics Education,11,2,0,0,0,1,2,0,0,3,0,3
2020,Lattice quantum field theory of the dirac and gauge fields: Selected topics,,Lattice Quantum Field Theory of the Dirac and Gauge Fields: Selected Topics,,,1,0,0,0,1,0,0,1,0,2
2020,Higher education performance of muslim countries islamic economics as an illustrative case,13087800,Journal of Economic Cooperation and Development,41,1,0,0,0,1,1,0,1,3,0,3
2020,"A critical examination towards the Islamic discourse on ""limited liability""",2229984X,UUM Journal of Legal Studies,11,1,0,0,0,3,0,1,0,4,0,4
2020,Comparison of the Islamic and the conventional stock market in Indonesia and developed countries,22011315,"International Journal of Innovation, Creativity and Change",12,8,0,0,0,0,0,0,0,0,0,0
2020,Determinants contributing to the primary market spread of securitization in Malaysia,22011315,"International Journal of Innovation, Creativity and Change",11,12,1,2,1,1,0,0,0,4,0,5
2020,"Comment on “Protectionism under Trump: The China Shock, Deplorables, and the First White President”",18328105,Asian Economic Policy Review,15,1,1,0,0,0,0,0,0,0,0,1
2020,Maqāṣid al-Sharīʿah in Islamic Contracts: A Study of Current Practices of Islamic Finance in Light of Islamic Legal Maxims,,The Objectives of Islamic Law: The Promises and Challenges of the Maqasid al-Shari'a,,,0,0,0,1,0,0,0,1,0,1
2020,Editorial,1281976,ISRA International Journal of Islamic Finance,11,2,0,0,0,0,0,0,0,0,0,0
2019,An empirical study of the challenges facing zakat and waqf institutions in Northern Nigeria,1281976,ISRA International Journal of Islamic Finance,11,2,1,7,7,6,16,8,3,47,0,48
2019,Court referral and Nigeria's Financial Regulation Advisory Council of Experts (FRACE),1281976,ISRA International Journal of Islamic Finance,11,2,0,5,3,1,0,0,0,9,0,9
2019,"Intricacies of competition, stability, and diversification: Evidence from dual banking economies",2649993,Economic Modelling,83,,11,10,13,14,12,10,5,64,0,75
2019,"How does microfinance prosper? An analysis of environmental, social, and governance context",9680802,Sustainable Development,27,6,3,3,7,2,10,5,3,30,0,33
2019,Merton's equation and the quantum oscillator II: Option pricing,3784371,Physica A: Statistical Mechanics and its Applications,532,,1,0,0,0,0,0,0,0,0,1
2019,The effectiveness of the bank lending channel: The role of banks’ market power and business model,20840845,Contemporary Economics,13,3,0,0,0,1,1,0,0,2,0,2
2019,Regulating fintech businesses: The malaysian experience,,Impact of Financial Technology (FinTech) on Islamic Finance and Financial Stability,,,1,0,0,1,0,0,1,2,0,3
2019,How do Islamic equities respond to monetary actions?,17468809,International Journal of Emerging Markets,14,4,2,2,2,2,2,1,1,10,0,12
2019,Towards conceptualizing ethical decision-making model in marketing: A religious–humanistic approach with special reference to ethical philosophy in Islam,17590833,Journal of Islamic Marketing,10,3,0,3,1,1,3,0,0,8,0,8
2019,"Do environmental, social and governance performance affect the financial performance of banks? A cross-country study of emerging market banks",14777835,Management of Environmental Quality: An International Journal,30,6,8,13,29,42,65,82,34,265,0,273
2019,View from practice: Stock market reaction to sukuk credit rating changes in Malaysia,10964762,Thunderbird International Business Review,61,5,1,0,1,2,1,3,1,8,0,9
2019,Doing well while doing good: The case of Islamic and sustainability equity investing,22148450,Borsa Istanbul Review,19,3,1,9,11,9,9,7,5,50,0,51
2019,The substitution hypothesis of agency conflicts: Evidence on Shariah compliant equities,10440283,Global Finance Journal,41,,2,3,1,4,0,1,1,10,0,12
2019,Does competition make banks riskier in dual banking system?,22148450,Borsa Istanbul Review,19,,2,5,10,12,8,8,2,45,0,47
2019,"Size, correlations, and diversification: New evidence from an application of wavelet approach to the emerging Islamic mutual fund industry",22148450,Borsa Istanbul Review,19,,0,0,1,1,1,1,0,4,0,4
2019,Refugee Entrepreneurship: Empirical Quantitative Evidence on Microenterprises in Refugee Camps in Turkey,15562948,Journal of Immigrant and Refugee Studies,17,3,2,2,4,8,6,9,2,31,0,33
2019,Proposed models for unit trust waqf and the parameters for their application,1281976,ISRA International Journal of Islamic Finance,11,1,1,7,0,6,8,10,5,36,0,37
2019,Contemporary issues of form and substance: an Islamic law perspective,1281976,ISRA International Journal of Islamic Finance,11,1,1,4,5,1,2,2,4,18,0,19
2019,A proposal designed for calibrating the liquidity coverage ratio for Islamic banks,1281976,ISRA International Journal of Islamic Finance,11,1,2,3,1,2,7,4,0,17,0,19
2019,Islamic venture capital – issues in practice,1281976,ISRA International Journal of Islamic Finance,11,1,2,1,2,6,0,1,1,11,0,13
2019,A proposed human resource management model for zakat institutions in Malaysia,1281976,ISRA International Journal of Islamic Finance,11,1,3,3,5,3,9,6,4,30,0,33
2019,Editorial,1281976,ISRA International Journal of Islamic Finance,11,1,0,0,0,0,0,0,0,0,0,0
2019,A statistical model of the firm,3784371,Physica A: Statistical Mechanics and its Applications,524,,0,1,0,0,1,0,0,2,0,2
2019,Jurisprudence and demand for halal meat in OIC,0007070X,British Food Journal,121,7,0,2,1,1,0,2,2,8,0,8
2019,Should banks be averse to elections? A GMM analysis of recent elections in Ghana,20771886,"Journal of Economics, Finance and Administrative Science",24,47,0,0,0,2,1,0,1,4,0,4
2019,Foreign direct investment and institutional stability: who drives whom?,20771886,"Journal of Economics, Finance and Administrative Science",24,47,1,2,7,7,3,2,1,22,0,23
2019,Dividend policy: The case of Shariah-compliant firms,,Islamic Corporate Finance,,,0,0,0,0,0,0,0,0,0,0
2019,Is there a cost for adopting faith-based investment styles?,,Islamic Corporate Finance,,,0,0,0,2,1,0,0,3,0,3
2019,Islamic corporate finance: Capital structure,,Islamic Corporate Finance,,,0,0,0,0,0,0,0,0,0,0
2019,Oil and macro-financial linkages: Evidence from the GCC countries,10629769,Quarterly Review of Economics and Finance,72,,6,5,8,8,3,4,2,30,0,36
2019,Feature Selection for Financial Data Classification: Islamic Finance Application,,"2018 IEEE 5th International Conference on Smart Instrumentation, Measurement and Application, ICSIMA 2018",,,0,0,0,0,0,0,1,1,0,1
2019,Evaluating stability in dual banking system: Comparison between conventional and islamic banks in malaysia,23956518,Humanities and Social Sciences Reviews,7,2,0,1,0,1,0,2,0,4,0,4
2019,The impact of social and environmental sustainability on financial performance: A global analysis of the banking sector,1042444X,Journal of Multinational Financial Management,49,,14,22,27,57,72,88,40,306,0,320
2019,"Structural changes, competition and bank stability in Malaysia's dual banking system",9393625,Economic Systems,43,1,4,5,15,6,7,6,2,41,0,45
2019,Cross-country evidence of Islamic portfolio diversification: are there opportunities in Saudi Arabia?,3074358,Managerial Finance,45,1,3,2,3,1,2,1,0,9,0,12
2019,The Impact of Charter Values on Bank Capital in Asia: A Threshold Regression Analysis,1540496X,Emerging Markets Finance and Trade,55,3,0,0,1,0,0,1,0,2,0,2
2019,Financial intermediation costs in a dual banking system: The role of islamic banking,14108046,Buletin Ekonomi Moneter dan Perbankan/Monetary and banking economics bulletin,22,4,1,2,4,4,5,3,2,20,0,21
2019,Efficiency and bank margins: a comparative analysis of Islamic and conventional banks in Yemen,17590817,Journal of Islamic Accounting and Business Research,10,1,1,5,2,4,9,1,0,21,0,22
2019,A Case Study on the Default of Islamic Financing Facilities: Malaysian Perspective,21928096,Management for Professionals,Part F561,,0,0,0,0,0,0,0,0,0,0
2019,"An Examination of Factors Affecting Excess Liquidity, Evidence from Islamic Banks in Malaysia",,The Future of Risk Management: Volume II: Perspectives on Financial and Corporate Strategies,2,,0,0,0,0,0,1,0,1,0,1
2019,The international transmission of volatility shocks on an emerging economy: The case of Malaysia,15114554,Malaysian Journal of Economic Studies,56,2,1,2,0,0,1,0,0,3,0,4
2019,Optimum financing portfolio of islamic microfinance institutions: Indonesia case,13165216,Utopia y Praxis Latinoamericana,24,Extra5,0,0,0,0,1,0,0,1,0,1
2019,Fintech Integration Process Suggestion for Banks,18770509,Procedia Computer Science,158,,5,7,9,10,9,11,1,47,0,52
2019,Re-estimation and modelling shadow economy in malaysia: Does financial development mitigate shadow economy?,15116670,International Journal of Business and Society,20,3,0,4,1,6,2,1,0,14,0,14
2019,Mitigating fatalities and damages due to natural disasters: Do human development and corruption matters?,1271962,Jurnal Ekonomi Malaysia,53,2,0,0,3,0,0,1,0,4,0,4
2019,Shariah view on consumption tax: Malaysian GST and SST as case studies,15112802,Malaysian Journal of Consumer and Family Economics,22,,0,1,0,0,0,0,0,1,0,1
2019,Capital regulation and islamic banking performance: Panel evidence,14108046,Buletin Ekonomi Moneter dan Perbankan/Monetary and banking economics bulletin,22,1,11,3,5,3,3,1,1,16,0,27
2019,The impact and exposure of changes in exchange rate regime on firms in Malaysia: Evidence from stock return and foreign exchange rate,22011315,"International Journal of Innovation, Creativity and Change",6,4,0,0,0,0,0,0,0,0,0,0
2019,Rethinking Islamic economics,10187383,"Journal of King Abdulaziz University, Islamic Economics",32,2,0,0,0,1,0,1,0,2,0,2
2019,"Efficiency, asset quality and stability of the banking sector in Malaysia",15114554,Malaysian Journal of Economic Studies,56,1,1,1,0,1,3,0,0,5,0,6
2019,Capital structure and shari’ah compliance firms: Malaysian evidence,,"Islamic Finance, Risk-Sharing and Macroeconomic Stability",,,0,0,0,1,0,0,0,1,0,1
2019,Portfolio diversification and oil price shocks: A sector wide analysis,21464553,International Journal of Energy Economics and Policy,9,3,1,0,0,1,0,0,0,1,0,2
2019,Editorial,1281976,ISRA International Journal of Islamic Finance,10,2,0,0,0,0,0,0,0,0,0,0
2018,Islamic Banking and Finance: Beyond Comparison and Investment Opportunities,0927538X,Pacific Basin Finance Journal,52,,0,2,0,0,0,1,0,3,0,3
2018,Demystifying small and medium enterprises’ (SMEs) performance in emerging and developing economies,22148450,Borsa Istanbul Review,18,4,13,14,23,26,39,31,19,152,0,165
2018,Trade–finance complementarity and carbon emission intensity: panel evidence from middle-income countries,21945403,Environment Systems and Decisions,38,4,4,0,4,2,1,2,1,10,0,14
2018,Portfolio Diversification Benefits at Different Investment Horizons During the Arab Uprisings: Turkish Perspectives Based on MGARCH–DCC and Wavelet Approaches,1540496X,Emerging Markets Finance and Trade,54,14,8,2,5,3,2,1,1,14,0,22
2018,"Tax evasion, tax burden and economic development in asean-5 economies: A mimic model analysis",9760245,Indian Journal of Public Health Research and Development,9,11,0,0,0,0,0,1,0,1,0,1
2018,Does low leverage minimise the impact of financial shocks? New optimisation strategies using Islamic stock screening for European portfolios,10424431,"Journal of International Financial Markets, Institutions and Money",57,,2,1,1,3,0,2,2,9,0,11
2018,Understanding of the Shariah in regards to construction,,"Concept And Application Of Shariah For The Construction Industry: Shariah Compliance In Construction Contracts, Project Finance And Risk Management",,,0,0,0,0,0,0,0,0,0,0
2018,Empirical evidence of risk shifting in bonds and debt-based sukuk: The case of Malaysian corporations,17590817,Journal of Islamic Accounting and Business Research,9,5,1,1,2,2,2,0,1,8,0,9
2018,Determinants of capital structure: evidence from Shari'ah compliant and non-compliant firms,0927538X,Pacific Basin Finance Journal,51,,15,12,6,15,9,11,3,56,0,71
2018,Does poverty lead to crime? Evidence from the United States of America,3068293,International Journal of Social Economics,45,10,3,3,5,3,2,6,6,25,0,28
2018,Nonfinancial traits and financial smartness: International evidence from Shariah-compliant and Socially responsible funds,10424431,"Journal of International Financial Markets, Institutions and Money",56,,0,7,3,1,0,1,1,13,0,13
2018,Islamic conception of psychological nature of man; development and validation of scale with special reference to Al-Ghazali’s model,25149369,International Journal of Ethics and Systems,34,3,0,2,4,0,3,1,0,10,0,10
2018,Do Islamic Stock Returns Hedge Against Inflation? A Wavelet Approach,1540496X,Emerging Markets Finance and Trade,54,10,5,2,4,3,2,0,0,11,0,16
2018,FINANCE AND INEQUALITY IN EIGHT ASIAN COUNTRIES: DOES SIZE MATTER,14108046,Buletin Ekonomi Moneter dan Perbankan/Monetary and banking economics bulletin,21,1,0,0,1,0,1,0,0,2,0,2
2018,Perspective of corporate governance and ethical issues with profit sharing investment accounts in Islamic banks,13581988,Journal of Financial Regulation and Compliance,26,3,4,1,4,2,3,2,3,15,0,19
2018,Does prospectus information matter in IPO pricing?,17590817,Journal of Islamic Accounting and Business Research,9,4,6,3,6,3,3,0,1,16,0,22
2018,Sukuk announcement effects during financial crisis: the case for Indonesia,17590817,Journal of Islamic Accounting and Business Research,9,4,3,2,2,1,1,0,0,6,0,9
2018,Comment on “US Trade Policy in the Trump Administration”,18328105,Asian Economic Policy Review,13,2,1,0,0,0,0,0,0,0,0,1
2018,Is gold a hedge or a safe haven? An application of ARDL approach,20771886,"Journal of Economics, Finance and Administrative Science",23,44,11,8,3,9,5,4,1,30,0,41
2018,Unveiling the diversification benefits of Islamic equities and commodities: Evidence from multivariate-GARCH and continuous wavelet analysis,3074358,Managerial Finance,44,6,7,0,6,1,1,0,0,8,0,15
2018,Islamic Financial Services Act (IFSA) 2013 and the Sharīʿah-compliance requirement of the Islamic finance industry in Malaysia,1281976,ISRA International Journal of Islamic Finance,10,1,4,8,6,6,4,12,5,41,0,45
2018,Framework for financial hardship indebtedness management in abandoned housing projects in Malaysia,1281976,ISRA International Journal of Islamic Finance,10,1,0,0,0,1,0,0,1,2,0,2
2018,Sale with the temporary exclusion of usufruct: A critical examination of its use in financing home purchases,1281976,ISRA International Journal of Islamic Finance,10,1,0,1,0,0,0,0,0,1,0,1
2018,Academic sociology: The alarming rise in predatory publishing and its consequences for Islamic economics and finance,1281976,ISRA International Journal of Islamic Finance,10,1,4,3,0,2,0,1,1,7,0,11
2018,Bonds with index-linked stochastic coupons in quantum finance,3784371,Physica A: Statistical Mechanics and its Applications,499,,2,1,0,0,2,0,0,3,0,5
2018,"Bank lending, deposits and risk-taking in times of crisis: A panel analysis of Islamic and conventional banks",15660141,Emerging Markets Review,35,,27,12,13,17,19,24,3,88,0,115
2018,"Exploring Portfolio Diversification Opportunities Through Venture Capital Financing: Evidence from MGARCH-DCC, Markov Switching, and Wavelet Approaches",1540496X,Emerging Markets Finance and Trade,54,6,5,1,3,1,0,1,0,6,0,11
2018,Unraveling the Financial Contagion in European Stock Markets During Financial Crises: Multi-Timescale Analysis,1540496X,Emerging Markets Finance and Trade,54,4,1,1,2,1,1,1,0,6,0,7
2018,Funding development infrastructure without leverage: A risk-sharing alternative using innovative sukuk structures,3785920,World Economy,41,3,4,3,5,5,2,2,3,20,0,24
2018,Islamic economics and Islamic finance in the world economy,3785920,World Economy,41,3,5,4,4,2,3,8,1,22,0,27
2018,Risky forward interest rates and swaptions: Quantum finance model and empirical results,3784371,Physica A: Statistical Mechanics and its Applications,492,,2,1,0,0,0,0,0,1,0,3
2018,Statistical field theory of futures commodity prices,3784371,Physica A: Statistical Mechanics and its Applications,492,,2,0,0,1,0,0,0,1,0,3
2018,Debunking myth: economic values in the Arab World through the prism of opinion polls,17938120,Middle East Development Journal,10,1,2,2,1,0,2,0,0,5,0,7
2018,Issues in Islamic Equities: A Literature Survey,1540496X,Emerging Markets Finance and Trade,54,1,24,8,8,9,9,13,2,49,0,73
2018,Blockdentity: A future beyond digital identity,,Fintech in Islamic Finance: Theory and Practice,,,0,0,0,0,0,0,0,0,0,0
2018,Fintech and Islamic finance: Setting the Sharī‘ah parameters,,Fintech in Islamic Finance: Theory and Practice,,,0,0,1,0,4,6,2,13,0,13
2018,Integrating waqf crowdfunding into the blockchain: A modern approach for creating a waqf market,,Fintech in Islamic Finance: Theory and Practice,,,1,0,1,0,6,3,1,11,0,12
2018,The Investment Account Platform: A practical application of fintech in Malaysia,,Fintech in Islamic Finance: Theory and Practice,,,0,0,0,0,0,2,0,2,0,2
2018,Does securitization for government staff personal loan perform?,2227524X,International Journal of Engineering and Technology(UAE),7,3,0,0,0,0,0,0,0,0,0,0
2018,Quantum Field Theory for Economics and Finance,,Quantum Field Theory for Economics and Finance,,,5,4,3,7,6,2,0,22,0,27
2018,The less developed states are converging to the richer state in Malaysia: An empirical investigation with some robust results,1823836X,International Journal of Economics and Management,12,Special Issue 2,0,0,0,1,0,1,0,2,0,2
2018,An analysis on adult learners' satisfaction in online education programmes,18657923,International Journal of Interactive Mobile Technologies,12,7,6,5,6,5,1,1,0,18,0,24
2018,"Islamic Crowdfunding: Fundamentals, Developments and Challenges",211842,Islamic Quarterly,62,3,1,3,8,8,3,5,2,29,0,30
2018,Financial reporting dimensions of intangibles in the context of islamic finance,13946870,Al-Shajarah,,Special Issue: ISLAMIC BANKING AND FINANCE,0,0,1,0,0,0,0,1,0,1
2018,Islamic finance regulations in Malaysia: A macro maqasidic approach,13946870,Al-Shajarah,,Special Issue: ISLAMIC BANKING AND FINANCE,0,0,0,0,0,0,0,0,0,0
2018,Comparative shari’ah governance framework in selected muslim countries,13946870,Al-Shajarah,,Special Issue: ISLAMIC BANKING AND FINANCE,0,1,0,1,2,0,1,5,0,5
2018,Financial access and inequality: A quantile assessment,1823836X,International Journal of Economics and Management,12,2,0,1,2,2,5,2,2,14,0,14
2018,"The impact of management, family, and institution on the auditor's going concern opinion issuance decision",1823836X,International Journal of Economics and Management,12,2,1,1,0,0,1,0,0,2,0,3
2018,Does competition affect banks’ stability? Evidence from ASEAN economies,10121587,Opcion,34,Special Issue 16,1,0,0,0,0,0,0,0,0,1
2018,Establishing the financial reporting of cryptocurrency in light of existing international reporting,10121587,Opcion,34,Special Issue 16,0,0,0,1,1,0,1,3,0,3
2018,Determinant of securitization spread in Malaysia,15116670,International Journal of Business and Society,19,3,8,3,0,2,0,1,1,7,0,15
2018,Who drives whom-sukuk or bond? A new evidence from granger causality and wavelet approach,10583300,Review of Financial Economics,36,2,2,8,7,5,3,2,3,28,0,30
2018,The impact of human development on natural disaster fatalities and damage: panel data evidence,1331677X,Economic Research-Ekonomska Istrazivanja,31,1,8,11,5,7,6,6,4,39,0,47
2018,Sukuk rating prediction using voting ensemble strategy,20888708,International Journal of Electrical and Computer Engineering,8,1,4,0,0,0,0,0,0,0,0,4
2018,Seeking specific relief in cases of Islamic banking in Malaysia – an analysis,1754243X,International Journal of Law and Management,60,2,0,0,0,0,1,0,0,1,0,1
2018,Establishment of Islamic capital market in jurisdictions with limited Islamic financial services: Case study of Maldives,1754243X,International Journal of Law and Management,60,2,0,0,1,1,0,0,1,3,0,3
2018,Modern history of Islamic finance and a strategic roadmap for its development in Turkey,,Turkish Economy: Between Middle Income Trap and High Income Status,,,1,2,1,2,0,0,0,5,0,6
2018,Remittance and growth nexus: Bootstrap panel granger-causality evidence from high remittance receiving countries,17569850,International Journal of Economics and Business Research,15,3,4,0,0,2,2,0,0,4,0,8
2018,Analysis of commodity reserve currency system from Siyasah Shariyyah perspective,17590817,Journal of Islamic Accounting and Business Research,9,2,1,0,0,0,2,1,0,3,0,4
2018,Musharakah Mutanaqisah home financing: issues in practice,17590817,Journal of Islamic Accounting and Business Research,9,1,8,4,3,3,3,2,3,18,0,26
2018,Managing the Malaysian Economy after the Watershed GE 2008,,Regime Resilience in Malaysia and Singapore,,,0,0,0,0,0,0,0,0,0,0
2018,Contra trading in Bursa Malaysia Securities Berhad: a Sharīʿah and legal appraisal,1281976,ISRA International Journal of Islamic Finance,9,2,1,0,0,0,0,0,0,0,0,1
2017,The concept and application of ḍamān al-milkiyyah (ownership risk): Islamic law of contract perspective,1281976,ISRA International Journal of Islamic Finance,9,2,4,1,1,4,8,1,3,18,0,22
2017,The effect of IFSA 2013 on late payment of takāful benefits,1281976,ISRA International Journal of Islamic Finance,9,2,0,0,0,2,0,0,0,2,0,2
2017,Sharīʿah non-compliant assets as rahn (pledge) in Islamic banking products: a fiqhī perspective,1281976,ISRA International Journal of Islamic Finance,9,2,1,1,1,1,1,1,0,5,0,6
2017,The goods and services tax (GST) on takāful products: a critical Sharīʿah appraisal,1281976,ISRA International Journal of Islamic Finance,9,2,2,1,1,0,0,0,0,2,0,4
2017,An economic theory of Islamic finance,1281976,ISRA International Journal of Islamic Finance,9,2,8,1,4,5,6,5,2,23,0,31
2017,Financial reporting of intangible assets in Islamic finance,1281976,ISRA International Journal of Islamic Finance,9,2,1,0,0,0,2,0,0,2,0,3
2017,Preference shares: analysis of Sharīʿah issues,1281976,ISRA International Journal of Islamic Finance,9,2,0,1,0,0,0,0,0,1,0,1
2017,Application of law of evidence to Islamic banking with special reference to Malaysia,17538394,International Journal of Islamic and Middle Eastern Finance and Management,10,4,1,1,0,0,0,0,0,1,0,2
2017,Does a Held-to-Maturity Strategy Impede Effective Portfolio Diversification for Islamic Bond (Sukuk) Portfolios? A Multi-Scale Continuous Wavelet Correlation Analysis,1540496X,Emerging Markets Finance and Trade,53,10,8,4,6,5,2,2,0,19,0,27
2017,Is the regime of risk transfer sustainable? Impossible contract and inequality,2755319,Research in International Business and Finance,41,,2,0,0,0,0,0,0,0,0,2
2017,Do profit-sharing investment account holders provide market discipline in an islamic banking system?,20534833,Journal of Financial Regulation,3,2,3,1,1,1,0,4,1,8,0,11
2017,Islamic student financing back securitization in Malaysia,19366612,Advanced Science Letters,23,9,6,2,2,5,1,0,0,10,0,16
2017,Regional spillovers across transitioning emerging and frontier equity markets: A multi-time scale wavelet analysis,2649993,Economic Modelling,65,,10,3,7,10,3,3,2,28,0,38
2017,Political stability and growth: An application of dynamic GMM and quantile regression,2649993,Economic Modelling,64,,22,19,26,24,28,21,9,127,0,149
2017,How Islamic are Islamic banks? A non-linear assessment of Islamic rate – conventional rate relations,2649993,Economic Modelling,64,,10,7,5,10,1,3,1,27,0,37
2017,ISRA-Bloomberg Sharīʿah stock screening and income cleansing methodologies: a conceptual paper,1281976,ISRA International Journal of Islamic Finance,9,1,2,3,1,1,0,1,0,6,0,8
2017,Fiqhī views on bayʿwa salaf and qarḍ-based Islamic banking deposit accounts in Malaysia,1281976,ISRA International Journal of Islamic Finance,9,1,1,1,0,1,2,0,0,4,0,5
2017,Proposal for a new Sharīʿah risk rating approach for Islamic banks,1281976,ISRA International Journal of Islamic Finance,9,1,5,1,4,3,2,3,0,13,0,18
2017,Utilisation of zakāh and waqf fund in micro-takāful models in Malaysia: an exploratory study,1281976,ISRA International Journal of Islamic Finance,9,1,2,4,5,0,6,5,4,24,0,26
2017,Challenges of developing a takāful retirement annuity plan in Malaysia,1281976,ISRA International Journal of Islamic Finance,9,1,3,2,0,0,0,2,0,4,0,7
2017,Religion of Islam and Microfinance: Does It Make Any Difference?,1540496X,Emerging Markets Finance and Trade,53,7,5,2,0,3,1,1,0,7,0,12
2017,Islamic Finance and Banking,1540496X,Emerging Markets Finance and Trade,53,7,3,1,0,1,2,0,0,4,0,7
2017,Risk–Return Profiles of Islamic Equities and Commodity Portfolios in Different Market Conditions,1540496X,Emerging Markets Finance and Trade,53,7,4,2,1,1,1,1,0,6,0,10
2017,"Re-Examining the Determinants of Islamic Bank Performance: New Evidence from Dynamic GMM, Quantile Regression, and Wavelet Coherence Approaches",1540496X,Emerging Markets Finance and Trade,53,7,10,8,6,7,8,7,2,38,0,48
2017,Does public expenditure reduce the level of poverty? A comparative study on OIC and Non-OIC countries,20704658,"Journal of Islamic Economics, Banking and Finance",13,3,0,0,0,1,0,0,0,1,0,1
2017,Maqasid al-Shariah in CSR practices of the Islamic Banks: A case study of IBBL,20704658,"Journal of Islamic Economics, Banking and Finance",13,3,2,0,1,1,1,1,0,4,0,6
2017,Do we need bigger Islamic banks? An assessment of bank stability,1042444X,Journal of Multinational Financial Management,40,,21,7,10,14,13,18,1,63,0,84
2017,The issue of speculation in the Islamic capital market,20704658,"Journal of Islamic Economics, Banking and Finance",13,2,1,0,0,0,0,1,0,1,0,2
2017,Contagion effects on stock market of Bangladesh: An empirical study on Dhaka stock exchange shariah (DSES) index,19479638,International Journal of Asian Business and Information Management,8,2,3,0,0,0,0,0,0,0,0,3
2017,Leverage versus volatility: Evidence from the capital structure of European firms,2649993,Economic Modelling,62,,3,3,2,1,3,4,3,16,0,19
2017,Option price and market instability,3784371,Physica A: Statistical Mechanics and its Applications,471,,4,0,0,1,0,0,0,1,0,5
2017,Determinants driving bank performance: A comparison of two types of banks in the OIC,0927538X,Pacific Basin Finance Journal,42,,34,9,8,10,11,11,5,54,0,88
2017,The wage transition in developed countries and its implications for China,3784371,Physica A: Statistical Mechanics and its Applications,470,,2,0,0,0,0,1,0,1,0,3
2017,Banking liquidity and stock market prices in three countries in ASEAN,1287702,Pertanika Journal of Social Sciences and Humanities,25,1,0,0,0,0,0,0,0,0,0,0
2017,The role of Islamic asset classes in the diversified portfolios: Mean variance spanning test,15660141,Emerging Markets Review,30,,11,6,5,1,2,3,2,19,0,30
2017,Credit expansion and financial stability in Malaysia,2649993,Economic Modelling,61,,4,4,3,5,5,5,2,24,0,28
2017,Risk-Taking Behavior and Capital Adequacy in a Mixed Banking System: New Evidence from Malaysia Using Dynamic OLS and Two-Step Dynamic System GMM Estimators,1540496X,Emerging Markets Finance and Trade,53,1,17,3,2,5,4,1,0,15,0,32
2017,Wealth effect of sukuk issuance announcement in two markets,,Islamic Wealth Management: Theory and Practice,,,0,0,0,0,0,0,0,0,0,0
2017,Potential for wealth creation from waqf assets,,Islamic Wealth Management: Theory and Practice,,,0,0,0,2,1,0,0,3,0,3
2017,Governance framework in Islamic financial institutions,,Islamic Wealth Management: Theory and Practice,,,0,0,1,0,0,1,0,2,0,2
2017,Zakat in Islamic wealth management,,Islamic Wealth Management: Theory and Practice,,,0,0,0,0,1,0,1,2,0,2
2017,The Sukūk market in Malaysia: Issues and challenges,,Islamic Wealth Management: Theory and Practice,,,0,0,0,0,0,0,0,0,0,0
2017,Property rights and shariah non­compliance risk,,Islamic Wealth Management: Theory and Practice,,,0,0,0,0,0,0,0,0,0,0
2017,Shariah boards: Practical challenges for Islamic financial institutions,,Islamic Wealth Management: Theory and Practice,,,0,0,1,0,0,0,0,1,0,1
2017,Faraid as Islamic inheritance laws: Socio-economic impact on investments,,Islamic Wealth Management: Theory and Practice,,,0,0,0,0,0,2,0,2,0,2
2017,Islamic wealth management: Theory and practice,,Islamic Wealth Management: Theory and Practice,,,0,1,0,1,1,0,1,4,0,4
2017,Issues in waqf and zakat management,,Islamic Wealth Management: Theory and Practice,,,0,0,1,0,2,0,0,3,0,3
2017,Waqf in Shariah: Basic rules and applications,,Islamic Wealth Management: Theory and Practice,,,1,0,1,0,1,1,1,4,0,5
2017,Wealth from the shariah perspective,,Islamic Wealth Management: Theory and Practice,,,0,1,1,0,1,0,0,3,0,3
2017,Challenges for the Takaful industry,,Islamic Wealth Management: Theory and Practice,,,0,0,0,0,0,0,0,0,0,0
2017,Wealth purification,,Islamic Wealth Management: Theory and Practice,,,0,0,0,0,2,0,0,2,0,2
2017,Wealth as understood in economics and finance,,Islamic Wealth Management: Theory and Practice,,,0,1,1,0,1,0,0,3,0,3
2017,Application of conventional benchmark in Islamic wealth management,,Islamic Wealth Management: Theory and Practice,,,1,1,0,0,0,0,0,1,0,2
2017,Loan/financing diversification and risk return relationship in the dual banking system,9729380,International Journal of Economic Research,14,16,0,0,0,0,0,0,0,0,0,0
2017,Can culture stimulate innovation for technopreneurship,,"Proceedings of the 5th International Conference on Innovation and Entrepreneurship, ICIE 2017",,,0,1,0,1,0,0,0,2,0,2
2017,Share price reaction on corporate tax reforms in China,1823836X,International Journal of Economics and Management,11,3 Special Issue,0,0,0,0,0,0,0,0,0,0
2017,Do cost efficiency affects liquidity risk in banking? Evidence from selected OIC countries,1271962,Jurnal Ekonomi Malaysia,51,2,3,1,1,1,1,0,0,4,0,7
2017,Ownership structures and productivity in Indonesia and Malaysia,17520479,International Journal of Monetary Economics and Finance,10,3-Apr,5,0,0,0,0,0,0,0,0,5
2017,Revisiting the AAOIFI Shariah standards’ stock screening criteria,15116670,International Journal of Business and Society,18,,0,1,0,2,0,1,0,4,0,4
2017,Measuring Shariah non-compliance risk (SNCR): claw-out effect of al-bai-bithaman ajil in default,17590817,Journal of Islamic Accounting and Business Research,8,3,1,2,3,0,4,1,0,10,0,11
2017,Islamic banking in Malaysia: The changing landscape,22321640,Institutions and Economies,9,2,2,0,0,2,1,2,0,5,0,7
2017,"Comment on “Labour Regulations, Employment and Wages Evidence from India's Apparel Sector”",18328105,Asian Economic Policy Review,12,1,1,0,0,0,0,0,0,0,0,1
2017,"Islamic Finance, in the Age of Black Swans and Complexities, for a Multipolar World",25233483,Palgrave CIBFR Studies in Islamic Finance,Part F11447,,0,0,0,0,1,0,1,2,0,2
2017,Sukuk for the Financing of Non-revenue Water Management: Malaysia as a Case Study,25233483,Palgrave CIBFR Studies in Islamic Finance,Part F11447,,0,0,0,1,0,1,0,2,0,2
2017,Impact of Islamic Banking on Economic Growth and Volatility: Evidence from the OIC Member Countries,25233483,Palgrave CIBFR Studies in Islamic Finance,Part F11444,,1,2,2,1,1,1,0,7,0,8
2017,Islamic Finance Insolvencies under Secular Bankruptcy Laws: A Case Study of Arcapita Bank under US Chapter 11,25233483,Palgrave CIBFR Studies in Islamic Finance,Part F11444,,0,0,0,0,0,1,0,1,0,1
2017,Mitigating Shadow Economy Through Dual Banking Sector Development in Malaysia,25233483,Palgrave CIBFR Studies in Islamic Finance,Part F11446,,0,1,0,0,0,0,0,1,0,1
2017,Marketing Effectiveness of Islamic and Conventional Banks: Evidence from Malaysia,25233483,Palgrave CIBFR Studies in Islamic Finance,Part F11444,,0,1,1,0,1,0,0,3,0,3
2017,Introducing Islamic Finance in Unchartered Economies: The Case of Canada,25233483,Palgrave CIBFR Studies in Islamic Finance,Part F11447,,0,1,0,0,1,0,0,2,0,2
2017,"Remittances, Political Stability and Economic Development: Empirical Evidence from OIC Countries",25233483,Palgrave CIBFR Studies in Islamic Finance,Part F11446,,0,0,0,0,0,0,0,0,0,0
2017,PERTINENT ISSUES IN ISLAMIC HOME FINANCING,1281976,ISRA International Journal of Islamic Finance,8,1,0,0,0,0,0,0,0,0,0,0
2016,SOCIAL IMPACT BONDS: A SHARĪʿAH POINT OF VIEW,1281976,ISRA International Journal of Islamic Finance,8,2,0,0,0,0,0,0,0,0,0,0
2016,THE EVOLUTION OF ISLAMIC ECONOMICS: A CRITICAL ANALYSIS,1281976,ISRA International Journal of Islamic Finance,8,2,2,1,1,0,1,0,1,4,0,6
2016,RISK MITIGATION AND FINANCING CONSTRAINTS: TOWARDS THE DEVELOPMENT OF SUSTAINABLE ISLAMIC MICROFINANCE INSTITUTIONS IN BANGLADESH,1281976,ISRA International Journal of Islamic Finance,8,2,1,0,0,1,0,0,0,1,0,2
2016,Investigating risk shifting in Islamic banks in the dual banking systems of OIC member countries: An application of two-step dynamic GMM,14603799,Risk Management,18,4,2,0,1,0,3,0,1,5,0,7
2016,"Shari'ah screening, market risk and contagion: A multi-country analysis",1672681,Journal of Economic Behavior and Organization,132,,9,2,2,2,2,2,4,14,0,23
2016,The impact of crude oil price on Islamic stock indices of South East Asian countries: Evidence from MGARCH-DCC and wavelet approaches,22148450,Borsa Istanbul Review,16,4,35,8,12,9,4,4,3,40,0,75
2016,Multiple commodities in statistical microeconomics: Model and market,3784371,Physica A: Statistical Mechanics and its Applications,462,,5,0,0,1,0,1,0,2,0,7
2016,The composite risk-sharing finance index: Implications for Islamic finance,10583300,Review of Financial Economics,31,,4,2,2,6,5,3,0,18,0,22
2016,Religion in the boardroom and its impact on Islamic banks' performance,10583300,Review of Financial Economics,31,,5,2,6,2,3,3,1,17,0,22
2016,"Culture, income, and CO2 emission",13640321,Renewable and Sustainable Energy Reviews,62,,16,11,17,15,12,16,8,79,0,95
2016,Are there profit (returns) in Shariah-compliant exchange traded funds? The multiscale propensity,2755319,Research in International Business and Finance,38,,2,0,0,0,0,0,0,0,0,2
2016,Testing the Conventional and Islamic Financial Market Contagion: Evidence from Wavelet Analysis,1540496X,Emerging Markets Finance and Trade,52,8,42,6,12,12,6,7,3,46,0,88
2016,Financial risk exposures of the airlines industry: Evidence from cathay pacific airways and China airlines,15116670,International Journal of Business and Society,17,2,2,1,1,3,2,2,0,9,0,11
2016,The effects of monetary policy on the Islamic financial services industry,17554179,Qualitative Research in Financial Markets,8,3,5,2,1,0,0,2,0,5,0,10
2016,On the dynamic links between commodities and Islamic equity,1409883,Energy Economics,58,,34,15,24,12,22,14,4,91,0,125
2016,BREACH OF WA’D AND ITS COMPENSATION PAYMENT: A CRITICAL ANALYSIS OF ISLAMIC PROFIT RATE SWAP,1281976,ISRA International Journal of Islamic Finance,8,1,0,0,0,0,1,1,1,3,0,3
2016,ISSUES AND CHALLENGES IN ISLAMIC BANKING STRUCTURES: THE MALAYSIAN EXPERIENCE,1281976,ISRA International Journal of Islamic Finance,8,1,0,0,0,2,0,0,0,2,0,2
2016,AVOIDING FINANCIAL CRISIS: IN SUPPORT OF ISLAMIC FINANCIAL INSTITUTIONS,1281976,ISRA International Journal of Islamic Finance,8,1,1,1,0,0,0,1,0,2,0,3
2016,SHARĪʿAH CONTRACTS UNDERPINNING MUSHĀRAKAH MUTANĀQIṢAH FINANCING: A CONCEPTUAL ANALYSIS,1281976,ISRA International Journal of Islamic Finance,8,1,5,0,0,0,0,0,2,2,0,7
2016,Banking models and monetary transmission mechanisms in Malaysia: Are Islamic banks different?,8120439,Economic Papers,35,2,9,0,5,1,1,3,3,13,0,22
2016,Finance-growth nexus: Insights from an application of threshold regression model to Malaysia's dual financial system,22148450,Borsa Istanbul Review,16,2,9,3,3,4,3,6,1,20,0,29
2016,Business cycle and bank lending procyclicality in a dual banking system,2649993,Economic Modelling,55,,39,11,8,11,8,8,5,51,0,90
2016,Institutional quality and CO2 emission–trade relations: Evidence from Sub-Saharan Africa,382280,South African Journal of Economics,84,2,38,39,41,48,38,29,15,210,0,248
2016,"A dynamic analysis of output, energy consumption, and CO2 emissions in Malaysia",15567249,"Energy Sources, Part B: Economics, Planning and Policy",11,5,1,0,0,0,0,0,1,1,0,2
2016,Contagion and interdependence across Asia-Pacific equity markets: An analysis based on multi-horizon discrete and continuous wavelet transformations,10590560,International Review of Economics and Finance,43,,28,10,12,6,7,2,1,38,0,66
2016,Is small the new big? Islamic banking for SMEs in Turkey,2649993,Economic Modelling,54,,25,5,9,3,9,9,1,36,0,61
2016,Portfolio diversification benefits of Islamic investors with their major trading partners: Evidence from Malaysia based on MGARCH-DCC and wavelet approaches,2649993,Economic Modelling,54,,45,10,13,12,5,6,4,50,0,95
2016,Towards a global hub: The legal framework for dispute resolution in Malaysia’s Islamic finance industry,1754243X,International Journal of Law and Management,58,1,8,1,1,0,0,0,0,2,0,10
2016,ISSUES IN ISLAMIC HEDGING PRACTICES: A CRITICAL ANALYSIS,1281976,ISRA International Journal of Islamic Finance,8,2,0,0,0,0,0,0,0,0,0,0
2016,ICT in microfinance: a case study of microfinance banks in Pakistan,,Changing Contours of Microfinance in India,,,0,0,0,0,1,0,0,1,0,1
2016,Settling Islamic Finance Disputes: The Case of Malaysia and Saudi Arabia,,"Mixed Legal Systems, East and West",,,0,0,0,0,0,0,0,0,0,0
2016,THE PRACTICE OF TAKĀFUL BENEFIT (NOMINATION) IN THE CONTEXT OF IFSA 2013: A CRITICAL APPRAISAL,1281976,ISRA International Journal of Islamic Finance,8,1,2,0,1,0,1,0,0,2,0,4
2016,PLS finance and monetary policy: A new measure mooted,19297092,Journal of Reviews on Global Economics,5,1,2,0,0,1,0,0,0,1,0,3
2016,Innovation versus replication: Some notes on the approaches in defining shariah compliance in islamic finance,0126012X,Al-Jami'ah,54,2,5,4,2,5,5,6,1,23,0,28
2016,Market perceptions of liquid sovereign Sukūk: a new asset class?,17538394,International Journal of Islamic and Middle Eastern Finance and Management,9,1,2,0,1,3,1,1,0,6,0,8
2016,Shadow economy and financial sector development in Malaysia,21464138,International Journal of Economics and Financial Issues,6,7Special Issue,2,5,2,4,2,1,1,15,0,17
2016,Surplus Distribution in Current Takāful Operations: A Critical Sharīah Perspective,2680556,Arab Law Quarterly,30,3,2,0,0,0,2,1,0,3,0,5
2016,Military expenditures and economic growth in selected developing countries: Causality analysis using panel error-correction approach,9729380,International Journal of Economic Research,13,5,0,0,0,0,0,0,0,0,0,0
2016,Diversification in crude oil and other commodities: A comparative analysis,18234992,Asian Academy of Management Journal of Accounting and Finance,12,1,3,0,2,2,0,1,0,5,0,8
2016,The co-movement of selective conventional and islamic stock indices: Is there any impact on Shariah compliant equity investment in China?,21464138,International Journal of Economics and Financial Issues,6,4,5,0,0,1,0,1,0,2,0,7
2016,Credit cards: Contemporary issues from economic and shariah perspective,10187383,"Journal of King Abdulaziz University, Islamic Economics",29,1,1,2,0,0,1,0,0,3,0,4
2016,Stephen Zarlenga and Robert Poteat: The nature of money in modern economy - Implications and consequences,10187383,"Journal of King Abdulaziz University, Islamic Economics",29,2,0,0,0,0,0,0,0,0,0,0
2016,Credit cards: Contemporary issues from economic and Shariah perspective,10187383,"Journal of King Abdulaziz University, Islamic Economics",29,1,4,0,0,0,0,0,0,0,0,4
2016,Risk-sharing: The sole basis of Islamic finance? Time for a serious rethink,10187383,"Journal of King Abdulaziz University, Islamic Economics",29,2,2,2,0,1,0,1,0,4,0,6
2016,Dispelling the myth of a value premium: Contrary evidence of Malaysian crony capitalism,17553830,"International Journal of Banking, Accounting and Finance",7,1,1,0,0,0,0,0,0,0,0,1
2016,Bilateral rebate (ibra’ mutabadal) in Islamic banking operation: a critical appraisal,17538394,International Journal of Islamic and Middle Eastern Finance and Management,9,3,2,3,0,0,0,1,0,4,0,6
2016,Additional Tier 1 Capital Instruments under Basel iii: A Sharī'ah Viewpoint,2680556,Arab Law Quarterly,30,2,1,0,1,2,2,0,0,5,0,6
2016,Determinants of Ethical Identity Disclosure in Islamic banks: An analysis of practices in Bahrain and Malaysia,1272713,Jurnal Pengurusan,46,,6,5,1,3,3,3,1,16,0,22
2016,A critique on accounting for murabaha contract: A comparative analysis of IFRS and AAOIFI accounting standards,17590817,Journal of Islamic Accounting and Business Research,7,3,3,2,1,3,4,4,1,15,0,18
2016,What can wavelets unveil about the vulnerabilities of monetary integration? A tale of Eurozone stock markets,2649993,Economic Modelling,52,,12,2,3,4,1,0,2,12,0,24
2016,Does trust contribute to stock market development?,2649993,Economic Modelling,52,,20,3,9,4,3,5,2,26,0,46
2016,The Determinants of Islamic Equity Fund Performance: Global Evidence,25233483,Palgrave CIBFR Studies in Islamic Finance,Part F11443,,0,0,0,0,0,0,0,0,0,0
2016,Regulatory Framework for Islamic Finance: Malaysia’s Initiative,,Macroprudential Regulation and Policy for the Islamic Financial Industry: Theory and Applications,,,1,0,0,0,0,0,0,0,0,1
2016,On Sukuk Insolvencies: A Case Study of East Cameron Partner,25233483,Palgrave CIBFR Studies in Islamic Finance,Part F11443,,0,0,0,0,2,0,0,2,0,2
2016,Socioeconomic Development and Its Effect on Performance of Islamic Banks: Dynamic Panel Approaches,,Macroprudential Regulation and Policy for the Islamic Financial Industry: Theory and Applications,,,1,0,0,1,1,1,0,3,0,4
2016,Early Warning Indicators and Macroprudential Policy Tools,,Macroprudential Regulation and Policy for the Islamic Financial Industry: Theory and Applications,,,2,0,0,0,0,0,0,0,0,2
2016,THE CONCEPT OF ACTUAL FINANCIAL LOSS (ḌARAR MĀLĪ FIʿLĪ) IN THE CONTEXT OF ISLAMIC BANKING OPERATIONS,1281976,ISRA International Journal of Islamic Finance,7,2,0,0,0,0,0,0,0,0,0,0
2015,CRITERIA FOR DETERMINING THE SHARĪʿAH COMPLIANCE OF SHARES: A FIQHĪ ANALYSIS,1281976,ISRA International Journal of Islamic Finance,7,2,0,0,0,0,0,0,0,0,0,0
2015,STRUCTURING INNOVATIVE TIER 2 (T2) CAPITAL INSTRUMENTS UNDER BASEL III: A SHARĪʿAH PERSPECTIVE,1281976,ISRA International Journal of Islamic Finance,7,2,4,0,0,0,1,0,0,1,0,5
2015,"INTEGRATING ENVIRONMENTAL, SOCIAL AND GOVERNANCE (ESG) FACTORS IN ISLAMIC FINANCE: TOWARDS THE REALISATION OF MAQĀṢID AL-SHARĪʿAH",1281976,ISRA International Journal of Islamic Finance,7,2,3,1,2,4,5,10,10,32,0,35
2015,Oil and food prices in Malaysia: a nonlinear ARDL analysis,21937532,Agricultural and Food Economics,3,1,73,33,45,35,19,32,19,183,0,256
2015,Beneficial ownership: To what extent it complies with shari’ah?,19112017,Asian Social Science,11,27,0,1,0,0,0,0,0,1,0,1
2015,The impact of efficiency on discretionary loans/finance loss provision: A comparative study of Islamic and conventional banks,22148450,Borsa Istanbul Review,15,4,21,9,3,3,1,3,1,20,0,41
2015,Emissions and trade in Southeast and East Asian countries: a panel co-integration analysis,17568692,International Journal of Climate Change Strategies and Management,7,4,11,2,2,2,1,3,3,13,0,24
2015,Do Malaysian Horizontal Mergers and Acquisitions Create Value?,9721509,Global Business Review,16,,3,0,2,0,1,0,1,4,0,7
2015,The practice of IFSB guiding principles of risk management by Islamic banks: International evidence,17590817,Journal of Islamic Accounting and Business Research,6,2,8,1,3,2,3,3,0,12,0,20
2015,Islamic capital markets: A comparative approach,,Islamic Capital Markets: A Comparative Approach,,,13,0,0,2,1,2,1,6,0,19
2015,"Issues in Islamic banking and finance: Islamic banks, Shari'ah-compliant investment and sukuk",0927538X,Pacific Basin Finance Journal,34,,37,8,14,7,14,12,2,57,0,94
2015,Why do issuers issue Sukuk or conventional bond? Evidence from Malaysian listed firms using partial adjustment models,0927538X,Pacific Basin Finance Journal,34,,29,7,9,6,1,5,2,30,0,59
2015,"Combining momentum, value, and quality for the Islamic equity portfolio: Multi-style rotation strategies using augmented Black Litterman factor model",0927538X,Pacific Basin Finance Journal,34,,17,2,2,3,3,2,1,13,0,30
2015,Efficiency assessment of banking sector in Yemen using data envelopment window analysis: A comparative analysis of Islamic and conventional banks,14635771,Benchmarking,22,6,12,4,3,4,4,2,0,17,0,29
2015,Developing trading strategies based on fractal finance: An application of MF-DFA in the context of Islamic equities,3784371,Physica A: Statistical Mechanics and its Applications,438,,15,0,1,4,4,5,1,15,0,30
2015,A FIQHĪ ANALYSIS OF TRADABILITY OF ISLAMIC SECURITIES,1281976,ISRA International Journal of Islamic Finance,7,1,0,0,0,0,0,0,0,0,0,0
2015,A PROPOSED REGULATORY FRAMEWORK FOR ISLAMIC MICROFINANCE: ADOPTING THE IFSA 2013 APPROACH,1281976,ISRA International Journal of Islamic Finance,7,1,1,0,0,0,0,0,0,0,0,1
2015,HOTEL INVESTMENT AND FINANCING: A CALL FOR SHARĪʿAH CONSIDERATION AND NEW METHODOLOGY OF ASSESSMENT AND SCREENING,1281976,ISRA International Journal of Islamic Finance,7,1,1,0,0,0,0,0,0,0,0,1
2015,ACCOUNTING ISSUES IN THE REPORTING OF PROFIT SHARING INVESTMENT ACCOUNTS IN ISLAMIC BANKS’ FINANCIAL STATEMENTS UNDER IFSA 2013,1281976,ISRA International Journal of Islamic Finance,7,1,3,0,0,1,0,0,0,1,0,4
2015,RISK SHARING VERSUS RISK TRANSFER IN ISLAMIC FINANCE: A CRITICAL APPRAISAL,1281976,ISRA International Journal of Islamic Finance,7,1,4,0,1,1,1,0,0,3,0,7
2015,Linkages and co-movement between international stock market returns: Case of Dow Jones Islamic Dubai Financial Market index,10424431,"Journal of International Financial Markets, Institutions and Money",36,,50,11,14,5,5,7,5,47,0,97
2015,The unique risk exposures of Islamic banks' capital buffers: A dynamic panel data analysis,10424431,"Journal of International Financial Markets, Institutions and Money",36,,49,5,15,13,10,4,8,55,0,104
2015,On building social capital for Islamic finance,17538394,International Journal of Islamic and Middle Eastern Finance and Management,8,1,8,3,2,2,3,1,0,11,0,19
2015,The Sharia-compliance of financial reporting practices: a case study on waqf,17590817,Journal of Islamic Accounting and Business Research,6,1,8,3,3,4,1,3,3,17,0,25
2015,Property rights and the stock market-growth nexus,10629408,North American Journal of Economics and Finance,32,,7,1,3,1,1,2,1,9,0,16
2015,Productivity and spillover effect of merger and acquisitions in malaysia,20408269,Management Research Review,38,3,7,0,0,0,0,1,1,2,0,9
2015,What happens when Islamic capital markets move away from tax neutrality - A look at Oman & Saudi Arabia,1287702,Pertanika Journal of Social Sciences and Humanities,23,1,2,0,0,0,0,0,0,0,0,2
2015,Risk-return characteristics of Islamic equity indices: Multi-timescales analysis,1042444X,Journal of Multinational Financial Management,29,,36,7,6,2,3,5,0,23,0,59
2015,Why is no financial crisis a dress rehearsal for the next? Exploring contagious heterogeneities across major Asian stock markets,3784371,Physica A: Statistical Mechanics and its Applications,419,,27,3,1,2,1,0,0,7,0,34
2015,POSSESSION OF CURRENCY PRIOR TO SALE: A FIQHĪ AND PRACTICAL ANALYSIS OF SPOT FX-I IN MALAYSIA,1281976,ISRA International Journal of Islamic Finance,7,1,0,0,0,0,0,0,0,0,0,0
2015,TOWARDS A CORPORATE MODEL OF ISLAMIC LAW OF INSOLVENCY: A NOTE ON “VOLUNTARY INSOLVENCY”,1281976,ISRA International Journal of Islamic Finance,7,2,0,0,1,0,0,0,0,1,0,1
2015,The next financial crisis and how to save capitalism,,The Next Financial Crisis and How to Save Capitalism,,,2,0,0,0,1,0,0,1,0,3
2015,Does heterogeneity in investment horizons affect portfolio diversification? Some insights using M-GARCH-DCC and Wavelet correlation analysis,1540496X,Emerging Markets Finance and Trade,51,1,31,8,9,5,4,4,2,32,0,63
2015,The determinants of the profitability of Islamic banks: A cross-sectional study from Asia and Africa,17533627,International Journal of Business and Globalisation,15,3,10,2,6,2,2,3,1,16,0,26
2015,Unethical behavior-what influences salesperson to do so? The case of Malaysia,19366612,Advanced Science Letters,21,4,0,0,0,1,0,0,0,1,0,1
2015,Productive efficiency and welfare gains from privatization in Malaysia,13087800,Journal of Economic Cooperation and Development,36,1,1,0,0,0,0,0,0,0,0,1
2015,Islamic wealth management in history and at present,10187383,"Journal of King Abdulaziz University, Islamic Economics",28,1,2,0,1,2,6,3,0,12,0,14
2015,Factors influencing the behavioral intentions of muslim employees to contribute to cash-waqf through salary deductions,10187383,"Journal of King Abdulaziz University, Islamic Economics",28,1,12,2,5,8,5,3,3,26,0,38
2015,"Comment on ""Different Impacts of Scientific and Technological Knowledge on Economic Growth: Contrasting Science and Technology Policy in East Asia and Latin America""",18328105,Asian Economic Policy Review,10,1,1,0,0,0,0,0,0,0,0,1
2015,Ethical behavior and trustworthiness in the stock market-growth nexus,2755319,Research in International Business and Finance,33,,13,6,3,2,2,1,1,15,0,28
2015,The Shariah Process in Product Development and Approval in ICM,,Islamic Capital Markets: Products and Strategies,,,1,0,0,0,0,1,0,1,0,2
2015,APPLICATION OF TANĀZUL IN ṢUKŪK AND PREFERENCE SHARES: A CRITICAL ANALYSIS FROM THE SHARĪ’AH PERSPECTIVE,1281976,ISRA International Journal of Islamic Finance,6,2,0,0,0,0,2,0,0,2,0,2
2014,APPLICATION OF HIBAH MUÑALLAQAH FOR RETIREMENT ANNUITY PLAN,1281976,ISRA International Journal of Islamic Finance,6,2,0,0,0,0,0,1,1,2,0,2
2014,ACTUAL COSTS IN FEES AND CHARGES IN ISLAMIC BANKING,1281976,ISRA International Journal of Islamic Finance,6,2,0,0,0,0,0,0,0,0,0,0
2014,A CRITICAL ANALYSIS OF SHARÔÑAH ISSUES IN INTANGIBLE ASSETS,1281976,ISRA International Journal of Islamic Finance,6,2,1,0,0,0,1,0,0,1,0,2
2014,"THE BASEL ACCORDS, FINANCIAL TURMOIL AND ISLAMIC BANKS",1281976,ISRA International Journal of Islamic Finance,6,2,3,0,0,1,0,0,0,1,0,4
2014,QARḌ ḤASAN FINANCING IN ISLAMIC BANKS,1281976,ISRA International Journal of Islamic Finance,6,2,3,4,1,2,1,1,0,9,0,12
2014,Risk sharing and risk shifting: An historical perspective,22148450,Borsa Istanbul Review,14,4,7,5,3,2,2,3,2,17,0,24
2014,"Tripartite analysis across business cycles in Turkey: A multi-timescale inquiry of efficiency, volatility and integration",22148450,Borsa Istanbul Review,14,4,8,1,0,0,1,0,0,2,0,10
2014,The diversification benefits from Islamic investment during the financial turmoil: The case for the US-based equity investors,22148450,Borsa Istanbul Review,14,4,72,12,18,15,8,13,7,73,0,145
2014,Linear and non-linear Granger causality between oil spot and futures prices: A wavelet based test,2615606,Journal of International Money and Finance,48,,39,11,5,9,4,3,1,33,0,72
2014,A structural VAR analysis of Islamic financing in Malaysia,10867376,Studies in Economics and Finance,31,4,8,1,3,2,2,2,1,11,0,19
2014,Sukuk Securities: New Ways of Debt Contracting,,Sukuk Securities: New Ways of Debt Contracting,,,14,1,4,2,0,2,2,11,0,25
2014,Islam and sustainable economic development,,Sustainable Development: An Appraisal from the Gulf Region,19,,1,1,0,0,0,0,0,1,0,2
2014,An analysis of stock market efficiency: Developed vs Islamic stock markets using MF-DFA,3784371,Physica A: Statistical Mechanics and its Applications,407,,78,13,13,15,8,8,5,62,0,140
2014,MAQĀṢID AL-SHARĪ’AH AND STIPULATION OF CONDITIONS (SHURŪṬ) IN CONTRACTS,1281976,ISRA International Journal of Islamic Finance,6,1,0,0,0,0,1,0,0,1,0,1
2014,ISLAMIC BANKING LEGISLATION AND REGULATION IN NEW JURISDICTIONS: ISSUES AND RECOMMENDATIONS,1281976,ISRA International Journal of Islamic Finance,6,1,1,0,1,0,0,0,0,1,0,2
2014,REVERSE SALAM AS AN INNOVATIVE INSTRUMENT FOR INVESTMENT ACCOUNTS,1281976,ISRA International Journal of Islamic Finance,6,1,0,0,1,0,0,0,0,1,0,1
2014,ISLAMIC HOME FINANCING AND OWNERSHIP TRANSFER TO THE CUSTOMER: MODELS COMPARED,1281976,ISRA International Journal of Islamic Finance,6,1,1,0,0,0,0,0,0,0,0,1
2014,ISLAMIC FINANCE: LEGAL AND INSTITUTIONAL CHALLENGES,1281976,ISRA International Journal of Islamic Finance,6,1,4,2,0,0,0,0,0,2,0,6
2014,Introduction,,The Islamic Finance Handbook: A Practitioner's Guide to the Global Markets,,,0,0,0,0,0,0,0,0,0,0
2014,Permanent and transitory oil volatility and aggregate investment in Malaysia,3014215,Energy Policy,67,,2,0,0,1,0,0,0,1,0,3
2014,Shari'ah Non-compliance Risk Management and Legal Documentations in Islamic Finance,,Shari'ah Non-compliance Risk Management and Legal Documentations in Islamic Finance,,,24,2,3,3,1,0,1,10,0,34
2014,The assets and liabilities gap management of conventional and Islamic banks in the organization of Islamic cooperation (OIC) countries,9603107,Applied Financial Economics,24,5,8,2,1,0,0,0,1,4,0,12
2014,Rationalizing the value premium in emerging markets,10424431,"Journal of International Financial Markets, Institutions and Money",29,1,10,0,3,1,1,1,0,6,0,16
2014,SHOULD MALAYSIAN STATES HAVE A FRESH APPROACH TO WAQFS? A PROPOSAL FOR A MODEL WAQF ENACTMENT,1281976,ISRA International Journal of Islamic Finance,6,2,3,1,2,0,0,0,0,3,0,6
2014,Foundations of risk-sharing finance: An Islamic view,,Risk and Regulation of Islamic Banking,,,3,1,0,0,0,0,0,1,0,4
2014,Development needs of the Islamic banking industry,,Risk and Regulation of Islamic Banking,,,0,0,0,0,0,0,0,0,0,0
2014,"Islamic norms, Excel time value formula and housing finance models",,Risk and Regulation of Islamic Banking,,,0,0,0,0,0,0,0,0,0,0
2014,Objectives of Islamic banking: A theoretical discussion,,Risk and Regulation of Islamic Banking,,,1,0,1,0,0,0,1,2,0,3
2014,Issues in the risk and regulation of Islamic banking,,Risk and Regulation of Islamic Banking,,,1,0,0,0,0,0,0,0,0,1
2014,The role of the central bank in dual banking Malaysia,,Risk and Regulation of Islamic Banking,,,0,0,0,0,0,0,0,0,0,0
2014,Risk management and derivatives in Islamic finance,,Risk and Regulation of Islamic Banking,,,0,1,0,0,0,0,0,1,0,1
2014,Risk and regulation of islamic banking,,Risk and Regulation of Islamic Banking,,,1,0,0,1,0,1,1,3,0,4
2014,Shariah arbitration in Islamic finance transaction: An urgent need for Muslim arbitrators,1287702,Pertanika Journal of Social Science and Humanities,22,January,2,0,0,1,0,1,0,2,0,4
2014,Towards our own Lex Mercatoria: A need for legal consensus in Islamic finance,1287702,Pertanika Journal of Social Science and Humanities,22,January,2,0,0,0,0,0,0,0,0,2
2014,Stock market co-movements: Islamic versus conventional equity indices with multi-timescales analysis,9393625,Economic Systems,38,4,77,14,19,17,7,13,6,76,0,153
2014,The response of sectoral returns to macroeconomic shocks in the Malaysian stock market,15114554,Malaysian Journal of Economic Studies,51,2,1,0,0,0,0,0,0,0,0,1
2014,Challenges and opportunities for development of islamic stockbroking in Malaysia,15693759,Contemporary Studies in Economic and Financial Analysis,95,,0,0,0,0,0,0,0,0,0,0
2014,Are deposit and investment accounts in Islamic banks in Malaysia interest free?,10187383,"Journal of King Abdulaziz University, Islamic Economics",27,2,8,2,2,4,1,0,0,9,0,17
2014,"Islamic economics: Where from, where to? Muhammad Nejatullah Siddiqi",10187383,"Journal of King Abdulaziz University, Islamic Economics",27,2,0,1,0,0,0,0,1,2,0,2
2014,"Comment on ""China's Foreign Aid at a Transitional Stage""",18328105,Asian Economic Policy Review,9,2,1,0,0,0,0,0,0,0,0,1
2014,Limited purpose banking (LPB) and Islamic finance: Could LPB model be applied to Islamic finance?,8288666,Humanomics,30,2,4,0,0,0,0,0,0,0,0,4
2014,Whither islamic banking?,3785920,World Economy,37,6,14,1,2,4,1,4,2,14,0,28
2014,"Heads we win, tails you lose: Is there equity in Islamic equity funds?",0927538X,Pacific Basin Finance Journal,28,,27,4,0,1,2,3,2,12,0,39
2014,Professionalizing the role of Shari'ah auditors: How Malaysia can generate economic benefits,0927538X,Pacific Basin Finance Journal,28,,14,3,3,2,1,1,1,11,0,25
2014,Islamic finance: An overview,0927538X,Pacific Basin Finance Journal,28,,7,3,0,1,1,4,0,9,0,16
2014,Capital adequacy and lending and deposit behaviors of conventional and Islamic banks,0927538X,Pacific Basin Finance Journal,28,,36,8,11,10,1,7,0,37,0,73
2014,The starry heavens above and the moral law within: On the flatness of economics,1933527X,Econ Journal Watch,11,2,3,0,0,0,0,0,0,0,0,3
2014,What factors explain stock market retardation in Islamic Countries,15660141,Emerging Markets Review,19,,23,3,2,2,4,2,1,14,0,37
2014,How inflationary are oil price hikes? A disaggregated look at Thailand using symmetric and asymmetric cointegration models,13547860,Journal of the Asia Pacific Economy,19,3,28,5,5,2,2,2,0,16,0,44
2014,House prices and bank credits in Malaysia: An aggregate and disaggregate analysis,1973975,Habitat International,42,,16,6,2,6,1,4,2,21,0,37
2014,Dynamic capital structure and political patronage: The case of Malaysia,10575219,International Review of Financial Analysis,31,,40,7,5,8,6,3,2,31,0,71
2014,Does a firm's political connection to government have economic value?,13547860,Journal of the Asia Pacific Economy,19,1,5,1,2,1,0,0,0,4,0,9
2014,Social capital and CO2 emission - Output relations: A panel analysis,13640321,Renewable and Sustainable Energy Reviews,29,,55,19,24,13,10,15,11,92,0,147
2014,A CRITICAL ANALYSIS OF THE RESOLUTION OF THE SHARĪʿAH ADVISORY COUNCIL OF SECURITIES COMMISSION MALAYSIA: A CASE STUDY OF THE CRUDE PALM OIL FUTURES CONTRACT,1281976,ISRA International Journal of Islamic Finance,5,2,0,0,0,0,0,0,0,0,0,0
2013,IMPACT OF INFLATION ON ISLAMIC FINANCING: EMPIRICAL EVIDENCE FROM MALAYSIA,1281976,ISRA International Journal of Islamic Finance,5,2,0,0,0,0,1,0,0,1,0,1
2013,THE FIQH CHARACTERIZATION OF IJA̅RAH MAWSU̅FAH FI̅ AL-DHIMMAH: AN ANALYSIS OF JURISTIC VIEWS,1281976,ISRA International Journal of Islamic Finance,5,2,1,0,2,0,0,0,0,2,0,3
2013,INSTITUTING SHARĪʿAH AUDIT IN MALAYSIAN ISLAMIC FINANCIAL INSTITUTIONS,1281976,ISRA International Journal of Islamic Finance,5,2,2,0,0,0,0,1,0,1,0,3
2013,Building trust in e-commerce: A proposed shari'ah compliant model,12045357,Journal of Internet Banking and Commerce,18,3,11,3,1,0,0,0,0,4,0,15
2013,Dynamics of consumer expenditure and stock market prices and uncertainty: Malaysian evidence,2175908,Singapore Economic Review,58,4,2,0,0,0,0,0,1,1,0,3
2013,"Comment on ""Industry-specific real effective exchange rates and export price competitiveness: The cases of Japan, China, and Korea""",18328105,Asian Economic Policy Review,8,2,1,0,0,0,0,0,0,0,0,1
2013,Institutional quality thresholds and the finance - Growth nexus,3784266,Journal of Banking and Finance,37,12,85,23,27,28,30,29,18,155,0,240
2013,A conceptual study on Hospital Information System in public hospital of Bangladesh: Electronic Medical Record and Clinical Information System perspective,19112017,Asian Social Science,9,17,1,0,0,2,0,1,0,3,0,4
2013,Financing through cash-waqf: a revitalization to finance different needs,17538394,International Journal of Islamic and Middle Eastern Finance and Management,6,4,41,12,15,13,18,23,9,90,0,131
2013,Developing Islamic finance in the framework of maqasid al-Shari’ah: Understanding the ends (maqasid) and the means (wasa’il),17538394,International Journal of Islamic and Middle Eastern Finance and Management,6,4,35,9,12,13,10,20,11,75,0,110
2013,The viability of profit and loss sharing based financing for malaysian SMEs,19935250,International Business Management,7,4,2,0,0,0,0,0,0,0,0,2
2013,"Reflecting on Islamic banking and financial crisis: Risks, reputation and stability",,"Islamic Banking and Financial Crisis: Reputation, Stability and Risks",,,3,0,0,0,0,0,0,0,0,3
2013,"Islamic banking and financial crisis: Reputation, stability and risks",,"Islamic Banking and Financial Crisis: Reputation, Stability and Risks",,,7,1,1,1,1,1,0,5,0,12
2013,Reshaping the Islamic finance industry: Applying the lessons learned from the global financial crisis,,"Islamic Banking and Financial Crisis: Reputation, Stability and Risks",,,2,0,0,2,4,1,2,9,0,11
2013,Effect of risks on earnings and the us bank share valuation,1287702,Pertanika Journal of Social Sciences and Humanities,21,October,0,0,0,0,0,0,0,0,0,0
2013,Stock Market and Aggregate Investment Behavior in Malaysia: An Empirical Analysis,16144007,Transition Studies Review,20,2,1,0,0,0,0,0,0,0,0,1
2013,Theory appraisal in Islamic economic methodology: Purposes and criteria,8288666,Humanomics,29,3,0,0,0,0,0,1,0,1,0,1
2013,An evaluation of Malaysian capital controls,1443585,Journal of Economic Studies,40,4,3,0,0,0,1,2,0,3,0,6
2013,Towards Shari'ah compliant E-commerce transactions: A review of Amazon.com,19909233,Middle East Journal of Scientific Research,15,9,11,2,0,0,0,1,0,3,0,14
2013,Social capital and financial market development,,Emerging Markets and Financial Resilience: Decoupling Growth from Turbulence,,,3,0,1,0,0,0,0,1,0,4
2013,Evaluating the corporate social performance of Islamic financial institutions: an empirical study,17538394,International Journal of Islamic and Middle Eastern Finance and Management,6,3,22,2,12,6,2,6,2,30,0,52
2013,Critical appraisal of Rahn-based islamic microcredit facility from Sharia'h perspective,19950748,American-Eurasian Journal of Sustainable Agriculture,7,4,0,1,1,0,0,0,0,2,0,2
2013,Foreign exchange exposure and impact of policy switch - the case of Malaysian listed firms,36846,Applied Economics,45,20,17,3,2,2,2,0,0,9,0,26
2013,Potentials of subprime mortgage in Malaysian economy,18184952,World Applied Sciences Journal,23,2,0,0,0,0,0,0,0,0,0,0
2013,DISTRIBUTION OF MUÖÓRABAH PROFITS IN CLASSICAL SCHOOLS OF FIQH: CLARIFICATION OF A MISCONCEPTION,1281976,ISRA International Journal of Islamic Finance,5,1,0,0,0,0,0,0,0,0,0,0
2013,INSTRUMENTS FOR MEETING CAPITAL ADEQUACY REQUIREMENTS UNDER BASEL III: A SHARÔÑAH PERSPECTIVE,1281976,ISRA International Journal of Islamic Finance,5,1,1,0,0,0,2,0,0,2,0,3
2013,Sukuk Securities and Conventional Bonds: Evidence of Significant Differences,1287702,Pertanika Journal of Social Sciences and Humanities,21,2,8,2,1,2,0,3,1,9,0,17
2013,"Comment on ""toward myanmar's new stage of development: Transition from military rule to the market""",18328105,Asian Economic Policy Review,8,1,1,0,0,0,0,0,0,0,0,1
2013,"Risk management, derivatives and shariah compliance",0094243X,AIP Conference Proceedings,1522,,10,0,0,0,2,1,0,3,0,13
2013,RISK SHARING: AN ALTERNATIVE TO INTEREST-BASED DEBT FINANCING,1281976,ISRA International Journal of Islamic Finance,5,1,0,0,0,0,0,0,0,0,0,0
2013,SHARĪʿAH ISSUES IN ISLAMIC CAPITAL MARKETS: ṢUKŪK,1281976,ISRA International Journal of Islamic Finance,5,2,0,0,1,0,1,0,0,2,0,2
2013,FIQH ADAPTATION (TAKYÔF FIQHÔ) FOR THE CONCEPT OF A PERFORMANCE FEE IN TAKÓFUL,1281976,ISRA International Journal of Islamic Finance,5,2,1,0,0,0,0,0,0,0,0,1
2013,"ISLAMIC NORMS, THE EXCEL FORMULA AND HOME FINANCING MODELS",1281976,ISRA International Journal of Islamic Finance,5,1,3,0,0,0,0,0,0,0,0,3
2013,THE APPLICATION OF COMMODITY MURĀBAḤAH IN BURSA SUQ AL-SILA' MALAYSIA VIS-A-VIS JAKARTA FUTURE EXCHANGE SHARIAH INDONESIA: A COMPARATIVE ANALYSIS,1281976,ISRA International Journal of Islamic Finance,5,1,2,0,1,0,0,1,1,3,0,5
2013,Muslim consumers' perceived behavior in E-commerce environment,,"Proceedings - 2013 International Conference on Advanced Computer Science Applications and Technologies, ACSAT 2013",,,3,0,0,1,0,0,0,1,0,4
2013,Do Debt Markets Price Sukūk and Conventional Bonds Differently?,10187383,"Journal of King Abdulaziz University, Islamic Economics",26,2,10,4,3,2,4,1,0,14,0,24
2013,Method and substance of Islamic economics: Moving where?,10187383,"Journal of King Abdulaziz University, Islamic Economics",26,1,6,1,2,1,1,1,1,7,0,13
2013,"Private placement, share prices, volume and financial crisis: An emerging market study",10440283,Global Finance Journal,24,3,3,2,0,1,0,0,0,3,0,6
2013,Shariah issues in managing household debt: The case of Malaysia,1272713,Jurnal Pengurusan,37,,5,2,0,1,0,0,2,5,0,10
2013,Impact of corruption on bank profitability: An analysis of Islamic banks,14779048,International Journal of Business Governance and Ethics,8,3,11,2,4,4,4,2,2,18,0,29
2013,Was bail-out a success? Evidence from the investment-cash flow relationship,1271962,Jurnal Ekonomi Malaysia,47,1,0,0,0,0,0,0,0,0,0,0
2013,Does a firm's political connection to government have economic value?,13547860,Journal of the Asia Pacific Economy,18,3,6,3,0,1,0,0,0,4,0,10
2013,Human Resource Management of Islamic Banks: Responses to Conceptual and Technical Challenges,,"Islamic Finance: The New Regulatory Challenge, Second Edition",,,1,0,0,0,0,0,0,0,0,1
2013,Operational Risk Exposures of Islamic Banks,,"Islamic Finance: The New Regulatory Challenge, Second Edition",,,8,0,2,1,1,0,1,5,0,13
2013,Specific Corporate Governance Issues in Islamic Banks,,"Islamic Finance: The New Regulatory Challenge, Second Edition",,,0,0,0,0,0,0,0,0,0,0
2013,"Islamic Finance: The New Regulatory Challenge, Second Edition",,"Islamic Finance: The New Regulatory Challenge, Second Edition",,,0,0,0,0,0,1,0,1,0,1
2013,Supervision of Islamic Banks: The Regulatory Challenge—Basel II and Basel III,,"Islamic Finance: The New Regulatory Challenge, Second Edition",,,0,0,1,0,0,0,0,1,0,1
2013,Shari’ah–Non-compliance Risk,,"Islamic Finance: The New Regulatory Challenge, Second Edition",,,6,0,1,0,0,0,0,1,0,7
2013,Concluding Remarks,,"Islamic Finance: The New Regulatory Challenge, Second Edition",,,4,0,0,0,0,0,0,0,0,4
2013,Measuring Risk for Capital Adequacy: The Issue of Profit-Sharing Investment Accounts,,"Islamic Finance: The New Regulatory Challenge, Second Edition",,,3,1,0,1,1,0,1,4,0,7
2013,Capital Structure and Risk in Islamic Financial Services,,"Islamic Finance: The New Regulatory Challenge, Second Edition",,,0,0,0,0,0,0,0,0,0,0
2013,WAQF AND ITS ROLE IN SOCIO-ECONOMIC DEVELOPMENT,1281976,ISRA International Journal of Islamic Finance,4,2,7,3,6,2,4,3,2,20,0,27
2012,UNSUSTAINABILITY OF THE REGIME OF INTEREST-BASED DEBT FINANCING,1281976,ISRA International Journal of Islamic Finance,4,2,10,0,0,0,1,0,0,1,0,11
2012,The islamic debt market for sukuk securities: The theory and practice of profit sharing investment,,The Islamic Debt Market for Sukuk Securities: The Theory and Practice of Profit Sharing Investment,,,11,1,0,0,0,0,0,1,0,12
2012,Dividend tax cuts in the united states and single-tier tax regime in malaysia: Share price reactions to tax policy changes,1287702,Pertanika Journal of Social Science and Humanities,20,4,3,0,0,0,0,0,0,0,0,3
2012,Shari'ah parameters for the application of Wadi'ah concept in traditional family takaful products,19950772,Advances in Natural and Applied Sciences,6,8,0,0,0,0,0,0,0,0,0,0
2012,"Money supply, interest rate, liquidity and share prices: A test of their linkage",10440283,Global Finance Journal,23,3,10,0,2,2,1,0,1,6,0,16
2012,Theory appraisal in Islamic economic methodology: Purposes and criteria,8288666,Humanomics,28,4,6,2,1,0,1,0,2,6,0,12
2012,Cross-country analysis of Islamic finance dispute resolution: Malaysia and Saudi Arabia,,"ICIMTR 2012 - 2012 International Conference on Innovation, Management and Technology Research",,,0,2,0,0,1,0,0,3,0,3
2012,"Legal, regulatory and governance issues in Islamic finance",,"Legal, Regulatory and Governance Issues in Islamic Finance",,,10,0,2,2,0,2,1,7,0,17
2012,"Legal, regulatory and governance issues in Islamic finance",,"Legal, Regulatory and Governance Issues in Islamic Finance",,,4,0,1,0,1,0,0,2,0,6
2012,"Bank lending, macroeconomic conditions and financial uncertainty: Evidence from Malaysia",18799337,Review of Development Finance,2,3-Apr,9,2,2,1,1,1,2,9,0,18
2012,"The structure, regulation and supervision of Islamic banks",17456452,Journal of Banking Regulation,13,3,11,1,2,2,0,2,0,7,0,18
2012,REVISITING THE SHARÔÑAH RULING OF CAPITAL GUARANTEE IN A MUÖÓRABAH CONTRACT,1281976,ISRA International Journal of Islamic Finance,4,1,0,0,0,0,0,0,0,0,0,0
2012,CREDIT GUARANTEE SCHEME: A COMBINATION OF KAFĀLAH AND WAKĀLAH BI AJR AS ANALTERNATIVE TO KAFĀLAH BI AJR,1281976,ISRA International Journal of Islamic Finance,4,1,1,0,0,0,0,0,0,0,0,1
2012,THE INVESTMENT INITIATIVE IN TAKÓFUL: ISSUES AND CHALLENGES,1281976,ISRA International Journal of Islamic Finance,4,1,1,0,0,0,0,0,0,0,0,1
2012,INCENTIVE-COMPATIBLE SUKÕK MUSHÓRAKAH FOR PRIVATE SECTOR FUNDING,1281976,ISRA International Journal of Islamic Finance,4,1,5,0,0,0,0,1,0,1,0,6
2012,MAQĀṢID AL-SHARĪʿAH AND THE FOUNDATIONAL REQUIREMENTS IN DEVELOPING ISLAMIC BANKING AND FINANCE,1281976,ISRA International Journal of Islamic Finance,4,1,3,0,0,0,1,0,0,1,0,4
2012,"Comment on ""Korea's Growth Performance: Past and Future""",18328105,Asian Economic Policy Review,7,1,1,0,0,0,0,0,0,0,0,1
2012,Political patronage and firm performance: Further evidence from Malaysia,10964762,Thunderbird International Business Review,54,3,7,1,4,2,0,1,1,9,0,16
2012,Human Resource Management of Islamic Banks: Responses to Conceptual and Technical Challenges,,Islamic Finance: The Regulatory Challenge,,,2,0,0,0,0,0,0,0,0,2
2012,Insolvency Law In Malaysia and the Adjudication Order (Taflīs) On a Bankrupt in Islamic Finance: Similarities and Differences,1281976,ISRA International Journal of Islamic Finance,4,2,0,0,0,0,0,1,0,1,0,1
2012,TAKĀFUL FROM A MAQĀṢID AL-SHARĪʿAH PERSPECTIVE,1281976,ISRA International Journal of Islamic Finance,4,2,0,0,0,0,0,0,0,0,0,0
2012,The Islamic Debt Market for Sukuk Securities: The Theory and Practice of Profit Sharing Investment,,The Islamic Debt Market for Sukuk Securities: The Theory and Practice of Profit Sharing Investment,,,0,0,0,0,0,0,0,0,0,0
2012,The Practice of Sharī ‘Ah Reporting In Malaysia: Does Country of Origin or Being a Member of Aaoifi Matter?,1281976,ISRA International Journal of Islamic Finance,4,2,3,0,0,0,0,0,0,0,0,3
2012,A CRITICAL APPRAISAL OF SHARÔÑAH ISSUES RELATED TO ØUKÕK AL-IJÓRAH,1281976,ISRA International Journal of Islamic Finance,4,1,2,0,0,0,0,0,0,0,0,2
2012,"Origination, issuance, marketing and listing of sukuk securities",,The Islamic Debt Market for Sukuk Securities: The Theory and Practice of Profit Sharing Investment,,,0,0,0,0,0,0,0,0,0,0
2012,"Sukuksecurities, their definitions, classification and pricing issues",,The Islamic Debt Market for Sukuk Securities: The Theory and Practice of Profit Sharing Investment,,,6,1,1,2,0,1,2,7,0,13
2012,Introduction to sukuk Islamic debt securities markets,,The Islamic Debt Market for Sukuk Securities: The Theory and Practice of Profit Sharing Investment,,,0,0,0,0,0,0,0,0,0,0
2012,Prospects and challenges of developing sukuk Islamic debt markets around the world,,The Islamic Debt Market for Sukuk Securities: The Theory and Practice of Profit Sharing Investment,,,11,0,1,0,0,0,0,1,0,12
2012,Preface,,The Islamic Debt Market for Sukuk Securities: The Theory and Practice of Profit Sharing Investment,,,0,0,0,0,0,0,0,0,0,0
2012,History of Islamic public finance: Ghararand risk aversion,,The Islamic Debt Market for Sukuk Securities: The Theory and Practice of Profit Sharing Investment,,,1,0,0,0,0,1,0,1,0,2
2012,"Gauging the financial performance of banking sector using CAMEL model: Comparison of conventional, mixed and pure Islamic banks in Pakistan",14502887,International Research Journal of Finance and Economics,82,,10,2,0,1,0,1,2,6,0,16
2012,THE PARAMETER OF PERMISSIBLE RISKS IN TAKĀFUL,1281976,ISRA International Journal of Islamic Finance,3,2,0,0,0,0,0,0,0,0,0,0
2011,DEVELOPMENT OF ISLAMIC CAPITAL MARKETS IN OFFSHORE JURISDICTIONS: A CROSS-COUNTRY ANALYSIS,1281976,ISRA International Journal of Islamic Finance,3,2,0,0,0,0,0,0,0,0,0,0
2011,REVISITING THE FIQH CHARACTERISATIONS OF THE RAHN-BASED ISLAMIC MICROCREDIT PRODUCT,1281976,ISRA International Journal of Islamic Finance,3,2,2,0,0,0,0,0,0,0,0,2
2011,Human capital development in islamic finance: Initiatives and challenges,,"The Foundations of Islamic Banking: Theory, Practice and Education",,,0,0,0,0,0,0,0,0,0,0
2011,"Takaful insurance: Concept, history and development challenges",,"The Foundations of Islamic Banking: Theory, Practice and Education",,,4,1,0,0,0,2,0,3,0,7
2011,Level and Volatility of Stock Prices and Aggregate Investment: The Case of Thailand,1226508X,Global Economic Review,40,4,2,2,0,0,0,0,0,2,0,4
2011,Islamic banking in Malaysia: Unchartered waters,18328105,Asian Economic Policy Review,6,2,24,6,3,2,3,2,2,18,0,42
2011,A comparative study of the returns on Mudhārabah deposit and on equity in Islamic banks,8288666,Humanomics,27,4,6,1,3,1,0,3,0,8,0,14
2011,WAQF accounting and management in Indonesian WAQF institutions: The cases of two WAQF foundations,8288666,Humanomics,27,4,21,5,6,8,2,10,2,33,0,54
2011,The potentials of mushārakah mutanāqisah for Islamic housing finance,17538394,International Journal of Islamic and Middle Eastern Finance and Management,4,3,39,2,4,3,5,7,3,24,0,63
2011,ENHANCING THE INTEGRITY OF ISLAMIC FINANCIAL INSTITUTIONS IN MALAYSIA: THE CASE FOR THE SHARĪ'AH AUDIT FRAMEWORK,1281976,ISRA International Journal of Islamic Finance,3,1,10,3,1,0,1,1,0,6,0,16
2011,MUSHĀRAKAH MUTANĀQIṢAH AND LEGAL ISSUES: CASE STUDY OF MALAYSIA,1281976,ISRA International Journal of Islamic Finance,3,1,8,2,0,0,1,0,1,4,0,12
2011,A theory and contractual framework of Islamic micro-financial institutions operations,13630539,Journal of Financial Services Marketing,15,4,14,4,1,3,7,0,0,15,0,29
2011,PRINCIPLES OF WAʿD AND MUWĀʿADAH: THEIR APPLICATION IN ISLAMIC FINANCIAL CONTRACTS,1281976,ISRA International Journal of Islamic Finance,3,2,1,0,0,0,0,0,0,0,0,1
2011,"The Ottoman government and economic life: Taxation, public finance and trade controls",,"The Cambridge History of Turkey Volume 2: The Ottoman Empire as a World Power, 1453-1603",,,8,2,2,0,1,0,1,6,0,14
2011,"Islamic Capitalism and Finance: Origins, Evolution and the Future",,"Islamic Capitalism and Finance: Origins, Evolution and the Future",,,75,5,5,7,4,9,3,33,0,108
2011,The role of gold in financial investment: A Malaysian Perspective,0424267X,Economic Computation and Economic Cybernetics Studies and Research,4,,11,1,3,1,0,0,1,6,0,17
2011,Do equity-based Sukuk structures in Islamic capital markets manifest the objectives of Shariah?,13630539,Journal of Financial Services Marketing,15,3,15,0,1,1,0,4,1,7,0,22
2010,The global financial crisis and its implications for the Islamic financial industry,17538394,International Journal of Islamic and Middle Eastern Finance and Management,3,4,38,10,8,12,8,5,5,48,0,86
2010,Pricing efficiency of stock rights issues in Malaysia,9603107,Applied Financial Economics,20,22,0,0,1,0,0,0,0,1,0,1
2010,Islam and the path to human and economic development,,Islam and the Path to Human and Economic Development,,,39,2,0,6,8,1,3,20,0,59
2010,Shariah parameters reconsidered,17538394,International Journal of Islamic and Middle Eastern Finance and Management,3,2,39,7,8,6,4,5,4,34,0,73
2010,Financial constraints and firm investment in Malaysia: An investigation of investment-cash flow relationship,1823836X,International Journal of Economics and Management,4,1,11,0,2,1,1,1,0,5,0,16
2010,Does firm size matter for the financial constraints?,1271962,Jurnal Ekonomi Malaysia,44,1,5,0,0,0,0,0,0,0,0,5
2010,Islamic banks: Profit sharing equity and credit control,10187383,"Journal of King Abdulaziz University, Islamic Economics",23,1,1,2,1,0,0,2,0,5,0,6
2010,Forecasting inflation in Malaysia,2776693,Journal of Forecasting,29,6,4,0,0,0,0,0,0,0,0,4
2010,SharĪʿah Parameters on the Islamic Foreign Exchange Swap as a Hedging Mechanism in Islamic Finance,1281976,ISRA International Journal of Islamic Finance,1,1,4,2,2,0,0,1,0,5,0,9
2009,FROM “ASSET-BACKED” TO “ASSET-LIGHT” STRUCTURES: THE INTRICATE HISTORY OF ṢUKŪK,1281976,ISRA International Journal of Islamic Finance,1,1,18,1,5,0,2,3,0,11,0,29
2009,"Granting employee stock options (ESOs), market reaction and financial performance",18234992,Asian Academy of Management Journal of Accounting and Finance,5,1,3,0,1,1,0,0,0,2,0,5
2009,Risk-return analysis of Islamic banks' investment deposits and shareholders' fund,3074358,Managerial Finance,34,10,29,2,2,3,1,6,0,14,0,43
2008,Development in Islamic banking: a financial risk-allocation approach,15265943,Journal of Risk Finance,9,1,57,9,4,5,3,7,5,33,0,90
